Date,Nominal Price,Net Change,Change (%),Bid,Ask,P/E(x),High,Low,Previous Close,Share Volume ('000),Turnover ('000),Lot Size
2017-08-04,12.24,0.08,0.658,12.2,12.24,,12.28,12.14,12.16,2062.0,25187.0,1000.0
2017-08-03,12.16,-0.04,-0.328,12.14,12.16,,12.26,12.14,12.2,2170.0,26440.0,1000.0
2017-08-02,12.2,-0.02,-0.164,12.18,12.2,,12.32,12.12,12.22,4882.0,59624.0,1000.0
2017-08-01,12.22,-0.02,-0.163,12.2,12.22,,12.5,12.2,12.24,8541.0,105094.0,1000.0
2017-07-31,12.24,-0.02,-0.163,12.22,12.24,,12.3,12.16,12.26,4109.0,50140.0,1000.0
2017-07-28,12.26,0.1,0.822,12.26,12.28,,12.32,12.06,12.16,7178.0,87426.0,1000.0
2017-07-27,12.16,0.12,0.997,12.14,12.16,,12.22,12.0,12.04,4187.0,50771.0,1000.0
2017-07-26,12.04,-0.08,-0.66,12.04,12.06,,12.2,12.0,12.12,5336.0,64307.0,1000.0
2017-07-25,12.12,0.0,0.0,12.12,12.14,,12.16,12.02,12.12,3768.0,45622.0,1000.0
2017-07-24,12.12,-0.18,-1.463,12.12,12.16,,12.36,12.04,12.3,8362.0,101868.0,1000.0
2017-07-21,12.3,-0.2,-1.6,12.28,12.3,,12.42,12.16,12.5,4696.0,57712.0,1000.0
2017-07-20,12.5,0.08,0.644,12.5,12.52,,12.5,12.1,12.42,9669.0,118678.0,1000.0
2017-07-19,12.42,-0.08,-0.64,12.42,12.44,,12.48,12.22,12.5,10100.0,124471.0,1000.0
2017-07-18,12.5,-0.08,-0.636,12.48,12.5,,12.6,12.34,12.58,3880.0,48283.0,1000.0
2017-07-17,12.58,-0.14,-1.101,12.56,12.58,,12.72,12.5,12.72,3780.0,47562.0,1000.0
2017-07-14,12.72,-0.02,-0.157,12.7,12.72,,12.74,12.58,12.74,4664.0,59069.0,1000.0
2017-07-13,12.74,0.04,0.315,12.74,12.76,,12.88,12.7,12.7,4053.0,51823.0,1000.0
2017-07-12,12.7,0.04,0.316,12.7,12.72,,12.74,12.58,12.66,3757.0,47549.0,1000.0
2017-07-11,12.66,-0.08,-0.628,12.64,12.66,,12.96,12.58,12.74,9666.0,123368.0,1000.0
2017-07-10,12.74,0.42,3.409,12.72,12.74,,12.96,12.32,12.32,10824.0,137268.0,1000.0
2017-07-07,12.32,0.06,0.489,12.3,12.32,,12.42,12.24,12.26,2250.0,27715.0,1000.0
2017-07-06,12.26,0.24,1.997,12.26,12.28,,12.36,12.08,12.02,4873.0,59571.0,1000.0
2017-07-05,12.02,0.02,0.167,12.02,12.04,,12.08,11.98,12.0,2821.0,33920.0,1000.0
2017-07-04,12.0,-0.12,-0.99,12.0,12.02,,12.1,11.92,12.12,7862.0,94312.0,1000.0
2017-07-03,12.12,0.0,0.0,12.1,12.12,,12.2,12.0,12.12,4895.0,59327.0,1000.0
2017-06-30,12.12,0.06,0.498,12.12,12.14,,12.28,11.88,12.06,9461.0,114437.0,1000.0
2017-06-29,12.06,-0.02,-0.166,12.06,12.08,,12.18,12.02,12.08,4663.0,56401.0,1000.0
2017-06-28,12.08,-0.1,-0.821,12.06,12.08,,12.26,11.96,12.18,7618.0,92113.0,1000.0
2017-06-27,12.18,0.06,0.495,12.18,12.2,,12.32,12.0,12.12,5697.0,69486.0,1000.0
2017-06-26,12.12,0.08,0.664,12.12,12.14,,12.18,12.02,12.04,2846.0,34507.0,1000.0
2017-06-23,12.04,0.02,0.166,12.02,12.04,,12.08,11.92,12.02,4077.0,48974.0,1000.0
2017-06-22,12.02,-0.02,-0.166,12.02,12.04,,12.1,11.98,12.04,4997.0,60134.0,1000.0
2017-06-21,12.04,-0.18,-1.473,12.04,12.08,,12.3,11.92,12.22,7007.0,84505.0,1000.0
2017-06-20,12.22,-0.18,-1.452,12.2,12.22,,12.4,12.18,12.4,6139.0,75086.0,1000.0
2017-06-19,12.4,0.02,0.162,12.4,12.44,,12.58,12.32,12.38,5125.0,63758.0,1000.0
2017-06-16,12.38,0.0,0.0,12.36,12.38,,12.48,12.2,12.38,11161.0,137901.0,1000.0
2017-06-15,12.38,-0.02,-0.161,12.36,12.38,,12.48,12.34,12.4,6824.0,84700.0,1000.0
2017-06-14,12.4,0.08,0.649,12.38,12.4,,12.68,12.32,12.32,10756.0,134536.0,1000.0
2017-06-13,12.32,-0.08,-0.645,12.32,12.36,,12.46,12.26,12.4,7306.0,90309.0,1000.0
2017-06-12,12.4,-0.22,-1.743,12.38,12.4,,12.62,12.3,12.62,8175.0,101506.0,1000.0
2017-06-09,12.62,0.08,0.638,12.6,12.62,,12.68,12.42,12.54,18065.0,227224.0,1000.0
2017-06-08,12.54,0.74,6.271,12.54,12.56,,12.7,12.02,11.8,23952.0,299510.0,1000.0
2017-06-07,11.8,-0.06,-0.506,11.78,11.8,,11.88,11.7,11.86,5438.0,64062.0,1000.0
2017-06-06,11.86,0.26,2.241,11.84,11.86,,11.9,11.56,11.6,7713.0,90659.0,1000.0
2017-06-05,11.6,-0.02,-0.172,11.58,11.6,,11.72,11.52,11.62,4590.0,53349.0,1000.0
2017-06-02,11.62,0.02,0.172,11.62,11.64,,11.68,11.46,11.6,8521.0,98705.0,1000.0
2017-06-01,11.6,0.2,1.754,11.58,11.6,,11.76,11.4,11.4,20875.0,240818.0,1000.0
2017-05-31,11.4,-0.3,-2.564,11.4,11.42,,11.76,11.38,11.7,109536.0,1251409.0,1000.0
2017-05-29,11.7,-0.02,-0.171,11.68,11.7,,11.84,11.54,11.72,7517.0,87894.0,1000.0
2017-05-26,11.72,-0.22,-1.843,11.72,11.74,,11.94,11.66,11.94,10221.0,120061.0,1000.0
2017-05-25,11.94,-0.24,-1.97,11.92,11.94,,12.18,11.72,12.18,10194.0,121497.0,1000.0
2017-05-24,12.18,0.7,6.098,12.16,12.18,,12.18,11.48,11.48,22732.0,271472.0,1000.0
2017-05-22,11.58,0.26,2.297,11.56,11.58,,11.74,11.38,11.32,8960.0,103742.0,1000.0
2017-05-19,11.32,0.0,0.0,11.32,11.34,,11.4,11.22,11.32,7203.0,81555.0,1000.0
2017-05-18,11.32,0.22,1.982,11.3,11.32,,11.48,10.9,11.1,17427.0,197850.0,1000.0
2017-05-17,11.1,0.52,4.915,11.1,11.12,,11.28,10.5,10.58,23549.0,259176.0,1000.0
2017-05-16,10.58,-0.2,-1.855,10.56,10.58,,10.6,10.2,10.78,26049.0,272303.0,1000.0
2017-05-15,10.78,-0.12,-1.101,10.78,10.8,,10.94,10.76,10.9,10120.0,109635.0,1000.0
2017-05-12,10.9,-0.06,-0.547,10.88,10.9,,11.0,10.88,10.96,4793.0,52356.0,1000.0
2017-05-11,10.96,0.08,0.735,10.96,10.98,,11.0,10.86,10.88,5487.0,60015.0,1000.0
2017-05-10,10.88,-0.26,-2.334,10.86,10.88,,11.18,10.86,11.14,9722.0,106625.0,1000.0
2017-05-09,11.14,0.04,0.36,11.14,11.16,,11.18,11.02,11.1,3808.0,42262.0,1000.0
2017-05-08,11.1,-0.04,-0.359,11.08,11.1,,11.2,11.02,11.14,2181.0,24191.0,1000.0
2017-05-05,11.14,-0.02,-0.179,11.12,11.14,,11.22,11.06,11.16,3219.0,35793.0,1000.0
2017-05-04,11.16,0.0,0.0,11.14,11.16,,11.24,11.04,11.16,2015.0,22466.0,1000.0
2017-05-02,11.16,-0.04,-0.357,11.16,11.18,,11.4,11.16,11.2,4206.0,47113.0,1000.0
2017-04-28,11.2,-0.18,-1.582,11.18,11.2,,11.44,11.16,11.38,5284.0,59476.0,1000.0
2017-04-27,11.38,0.14,1.246,11.36,11.38,,11.38,11.12,11.24,4725.0,53547.0,1000.0
2017-04-26,11.24,0.0,0.0,11.24,11.26,,11.34,11.16,11.24,7479.0,84193.0,1000.0
2017-04-25,11.24,0.02,0.178,11.24,11.26,,11.3,11.2,11.22,9514.0,106836.0,1000.0
2017-04-24,11.22,0.18,1.63,11.22,11.24,,11.36,10.92,11.04,6838.0,76592.0,1000.0
2017-04-21,11.04,0.24,2.222,11.02,11.04,,11.06,10.78,10.8,4679.0,51577.0,1000.0
2017-04-20,10.8,-0.06,-0.552,10.78,10.8,,10.84,10.72,10.86,4455.0,48020.0,1000.0
2017-04-19,10.86,-0.04,-0.367,10.86,10.88,,11.18,10.8,10.9,6195.0,67230.0,1000.0
2017-04-18,10.9,-0.04,-0.366,10.9,10.92,,10.98,10.9,10.94,2242.0,24571.0,1000.0
2017-04-13,10.94,0.02,0.183,10.94,10.96,,11.3,10.86,10.92,9455.0,104661.0,1000.0
2017-04-12,10.92,-0.06,-0.546,10.92,10.94,,11.0,10.9,10.98,4294.0,46940.0,1000.0
2017-04-11,10.98,-0.18,-1.613,10.98,11.0,,11.14,10.72,11.16,14041.0,153759.0,1000.0
2017-04-10,11.16,-0.08,-0.712,11.16,11.18,,11.38,11.12,11.24,7032.0,78967.0,1000.0
2017-04-07,11.24,-0.02,-0.178,11.24,11.26,,11.28,11.12,11.26,5620.0,62955.0,1000.0
2017-04-06,11.26,-0.06,-0.53,11.26,11.28,,11.34,11.1,11.32,6076.0,68029.0,1000.0
2017-04-05,11.32,-0.04,-0.352,11.32,11.36,,11.42,11.32,11.36,6842.0,77828.0,1000.0
2017-04-03,11.36,0.08,0.709,11.36,11.38,,11.38,11.28,11.28,2862.0,32478.0,1000.0
2017-03-31,11.28,0.04,0.356,11.28,11.3,,11.38,11.26,11.24,4489.0,50662.0,1000.0
2017-03-30,11.24,-0.06,-0.531,11.24,11.26,,11.38,11.22,11.3,4109.0,46269.0,1000.0
2017-03-29,11.3,0.1,0.893,11.3,11.32,,11.42,11.26,11.2,8006.0,90510.0,1000.0
2017-03-28,11.2,0.02,0.179,11.2,11.22,,11.28,11.14,11.18,4956.0,55543.0,1000.0
2017-03-27,11.18,0.1,0.887,11.18,11.2,,11.28,11.12,11.28,5282.0,59246.0,1000.0
2017-03-24,11.28,0.28,2.545,11.28,11.3,,11.34,10.9,11.0,18221.0,204011.0,1000.0
2017-03-23,11.0,0.02,0.181,11.0,11.02,,11.1,10.96,11.02,9462.0,104225.0,1000.0
2017-03-22,11.02,0.34,2.993,11.02,11.04,,11.38,10.82,11.36,18444.0,203546.0,1000.0
2017-03-21,11.36,0.16,1.429,11.34,11.36,,11.48,11.16,11.2,9171.0,104285.0,1000.0
2017-03-20,11.2,0.08,0.709,11.18,11.2,,11.32,11.06,11.28,8028.0,89826.0,1000.0
2017-03-17,11.28,0.16,1.439,11.26,11.28,,11.4,11.12,11.12,12531.0,141151.0,1000.0
2017-03-16,11.12,0.32,2.797,11.1,11.12,,11.4,11.08,11.44,16652.0,186275.0,1000.0
2017-03-15,11.44,0.16,1.379,11.42,11.44,7.5,11.86,10.8,11.6,25780.0,291742.0,1000.0
2017-03-14,11.6,0.1,0.87,11.58,11.6,7.61,11.72,11.48,11.5,5103.0,59291.0,1000.0
2017-03-13,11.5,0.0,0.0,11.5,11.52,7.54,11.56,11.44,11.5,4486.0,51639.0,1000.0
2017-03-10,11.5,0.08,0.691,11.5,11.52,7.54,11.64,11.44,11.58,3660.0,42103.0,1000.0
2017-03-09,11.58,0.2,1.698,11.56,11.58,7.59,11.72,11.42,11.78,5282.0,60831.0,1000.0
2017-03-08,11.78,0.18,1.505,11.76,11.78,7.72,11.92,11.66,11.96,4904.0,57698.0,1000.0
2017-03-07,11.96,0.16,1.356,11.94,11.96,7.84,11.98,11.76,11.8,17074.0,203521.0,1000.0
2017-03-06,11.8,0.46,4.056,11.8,11.82,7.74,12.06,11.38,11.34,24658.0,292256.0,1000.0
2017-03-03,11.34,0.08,0.701,11.34,11.36,7.44,11.4,11.26,11.42,11730.0,132912.0,1000.0
2017-03-02,11.42,0.08,0.705,11.4,11.42,7.49,11.46,11.34,11.34,6689.0,76253.0,1000.0
2017-03-01,11.34,0.06,0.526,11.34,11.36,7.44,11.44,11.32,11.4,6352.0,72275.0,1000.0
2017-02-28,11.4,0.06,0.529,11.38,11.4,7.47,11.44,11.3,11.34,6212.0,70768.0,1000.0
2017-02-27,11.34,0.08,0.701,11.32,11.34,7.44,11.42,11.28,11.42,3755.0,42551.0,1000.0
2017-02-24,11.42,0.02,0.175,11.42,11.44,7.49,11.46,11.18,11.4,5685.0,64413.0,1000.0
2017-02-23,11.4,0.1,0.885,11.38,11.4,7.47,11.42,11.24,11.3,5181.0,58824.0,1000.0
2017-02-22,11.3,0.02,0.177,11.3,11.32,7.41,11.38,11.24,11.32,6244.0,70541.0,1000.0
2017-02-21,11.32,0.14,1.252,11.32,11.34,7.42,11.42,11.18,11.18,12886.0,146170.0,1000.0
2017-02-20,11.18,0.04,0.359,11.18,11.2,7.33,11.2,11.04,11.14,4176.0,46485.0,1000.0
2017-02-17,11.14,0.08,0.723,11.12,11.14,7.3,11.16,11.06,11.06,3428.0,38092.0,1000.0
2017-02-16,11.06,0.02,0.181,11.04,11.06,7.25,11.14,11.0,11.04,6617.0,73159.0,1000.0
2017-02-15,11.04,0.12,1.075,11.04,11.06,7.24,11.18,11.02,11.16,4322.0,47851.0,1000.0
2017-02-14,11.16,0.0,0.0,11.14,11.16,7.32,11.2,10.86,11.16,5302.0,58473.0,1000.0
2017-02-13,11.16,0.04,0.357,11.14,11.16,7.32,11.22,11.08,11.2,4387.0,48885.0,1000.0
2017-02-10,11.2,0.18,1.633,11.18,11.2,7.34,11.26,11.1,11.02,9788.0,109640.0,1000.0
2017-02-09,11.02,0.08,0.721,11.0,11.02,7.23,11.16,10.94,11.1,7236.0,79931.0,1000.0
2017-02-08,11.1,0.34,3.16,11.1,11.12,7.28,11.18,10.68,10.76,11134.0,122701.0,1000.0
2017-02-07,10.76,0.3,2.868,10.74,10.76,7.05,10.78,10.46,10.46,15760.0,166829.0,1000.0
2017-02-06,10.46,0.02,0.191,10.46,10.48,6.86,10.58,10.44,10.48,2580.0,27039.0,1000.0
2017-02-03,10.48,0.04,0.383,10.46,10.48,6.87,10.54,10.4,10.44,1947.0,20358.0,1000.0
2017-02-02,10.44,0.06,0.571,10.44,10.46,6.85,10.58,10.42,10.5,2461.0,25702.0,1000.0
2017-02-01,10.5,0.04,0.38,10.5,10.52,6.88,10.6,10.4,10.54,4097.0,43054.0,1000.0
2017-01-27,10.54,0.12,1.152,10.52,10.54,6.91,10.56,10.42,10.42,4583.0,48186.0,1000.0
2017-01-26,10.42,0.06,0.573,10.4,10.42,6.83,10.52,10.38,10.48,4493.0,46870.0,1000.0
2017-01-25,10.48,0.02,0.191,10.46,10.48,6.87,10.5,10.42,10.46,3565.0,37249.0,1000.0
2017-01-24,10.46,0.06,0.577,10.44,10.46,6.86,10.5,10.38,10.4,3917.0,40881.0,1000.0
2017-01-23,10.4,0.08,0.763,10.38,10.4,6.82,10.54,10.34,10.48,5395.0,56296.0,1000.0
2017-01-20,10.48,0.08,0.769,10.46,10.48,6.87,10.48,10.32,10.4,5650.0,58995.0,1000.0
2017-01-19,10.4,0.42,3.882,10.38,10.4,6.82,10.7,10.22,10.82,26995.0,278950.0,1000.0
2017-01-18,10.82,0.22,1.993,10.82,10.84,7.09,11.32,10.82,11.04,31887.0,354146.0,1000.0
2017-01-17,11.04,0.18,1.657,11.02,11.04,7.24,11.2,10.9,10.86,27499.0,304466.0,1000.0
2017-01-16,10.86,0.32,3.036,10.84,10.86,7.12,10.92,10.54,10.54,42625.0,461319.0,1000.0
2017-01-13,10.54,0.0,0.0,10.52,10.54,6.91,10.6,10.5,10.54,4271.0,45053.0,1000.0
2017-01-12,10.54,0.0,0.0,10.54,10.56,6.91,10.58,10.5,10.54,2438.0,25692.0,1000.0
2017-01-11,10.54,0.02,0.189,10.54,10.56,6.91,10.58,10.46,10.56,3493.0,36826.0,1000.0
2017-01-10,10.56,0.02,0.19,10.54,10.56,6.92,10.56,10.44,10.54,7254.0,76428.0,1000.0
2017-01-09,10.54,0.08,0.765,10.52,10.54,6.91,10.56,10.48,10.46,2268.0,23884.0,1000.0
2017-01-06,10.46,0.08,0.759,10.44,10.46,6.86,10.54,10.42,10.54,2669.0,27898.0,1000.0
2017-01-05,10.54,0.02,0.19,10.52,10.54,6.91,10.56,10.42,10.52,4115.0,43284.0,1000.0
2017-01-04,10.52,0.12,1.154,10.52,10.54,6.9,10.56,10.4,10.4,5118.0,53769.0,1000.0
2017-01-03,10.4,0.2,1.961,10.38,10.4,6.82,10.42,10.26,10.2,5859.0,60586.0,1000.0
2016-12-30,10.2,0.04,0.394,10.2,10.24,6.69,10.36,10.1,10.16,3753.0,38474.0,1000.0
2016-12-29,10.16,0.04,0.392,10.14,10.16,6.66,10.24,10.12,10.2,3611.0,36767.0,1000.0
2016-12-28,10.2,0.02,0.196,10.2,10.22,6.69,10.3,10.14,10.22,2895.0,29511.0,1000.0
2016-12-23,10.22,0.02,0.195,10.2,10.22,6.7,10.28,10.12,10.24,1878.0,19169.0,1000.0
2016-12-22,10.24,0.02,0.195,10.22,10.24,6.71,10.32,10.14,10.26,2740.0,27955.0,1000.0
2016-12-21,10.26,0.14,1.383,10.24,10.26,6.73,10.34,10.02,10.12,4000.0,40840.0,1000.0
2016-12-20,10.12,0.04,0.394,10.1,10.12,6.64,10.22,10.1,10.16,3339.0,33910.0,1000.0
2016-12-19,10.16,0.02,0.196,10.14,10.16,6.66,10.22,10.06,10.18,3435.0,34858.0,1000.0
2016-12-16,10.18,0.06,0.593,10.16,10.18,6.67,10.2,10.04,10.12,4836.0,49099.0,1000.0
2016-12-15,10.12,0.04,0.394,10.1,10.12,6.64,10.24,10.06,10.16,6766.0,68547.0,1000.0
2016-12-14,10.16,0.08,0.781,10.14,10.16,6.66,10.32,10.14,10.24,5925.0,60699.0,1000.0
2016-12-13,10.24,0.0,0.0,10.24,10.26,6.71,10.28,10.1,10.24,5240.0,53515.0,1000.0
2016-12-12,10.24,0.18,1.727,10.22,10.24,6.71,10.4,10.1,10.42,7955.0,81288.0,1000.0
2016-12-09,10.42,0.02,0.192,10.4,10.42,6.83,10.44,10.36,10.4,3572.0,37141.0,1000.0
2016-12-08,10.4,0.02,0.193,10.4,10.42,6.82,10.52,10.4,10.38,2651.0,27682.0,1000.0
2016-12-07,10.38,0.02,0.193,10.38,10.42,6.81,10.48,10.36,10.36,2486.0,25878.0,1000.0
2016-12-06,10.36,0.08,0.766,10.34,10.36,6.79,10.54,10.34,10.44,3865.0,40149.0,1000.0
2016-12-05,10.44,0.06,0.578,10.44,10.46,6.85,10.52,10.36,10.38,3418.0,35763.0,1000.0
2016-12-02,10.38,0.1,0.954,10.36,10.38,6.81,10.52,10.3,10.48,4456.0,46365.0,1000.0
2016-12-01,10.48,0.02,0.19,10.46,10.48,6.87,10.52,10.38,10.5,5599.0,58420.0,1000.0
2016-11-30,10.5,0.08,0.768,10.5,10.52,6.88,10.54,10.44,10.42,6260.0,65773.0,1000.0
2016-11-29,10.42,0.06,0.573,10.4,10.42,6.83,10.48,10.3,10.48,4544.0,47229.0,1000.0
2016-11-28,10.48,0.02,0.19,10.46,10.48,6.87,10.58,10.46,10.5,2392.0,25118.0,1000.0
2016-11-25,10.5,0.0,0.0,10.5,10.52,6.88,10.58,10.46,10.5,2398.0,25232.0,1000.0
2016-11-24,10.5,0.04,0.38,10.48,10.5,6.88,10.56,10.36,10.54,3280.0,34276.0,1000.0
2016-11-23,10.54,0.04,0.378,10.52,10.54,6.91,10.6,10.5,10.58,2003.0,21095.0,1000.0
2016-11-22,10.58,0.06,0.57,10.56,10.58,6.94,10.6,10.52,10.52,3536.0,37325.0,1000.0
2016-11-21,10.52,0.0,0.0,10.52,10.54,6.9,10.6,10.48,10.52,3985.0,42021.0,1000.0
2016-11-18,10.52,0.0,0.0,10.52,10.54,6.9,10.58,10.46,10.52,2319.0,24418.0,1000.0
2016-11-17,10.52,0.0,0.0,10.5,10.52,6.9,10.54,10.38,10.52,6352.0,66321.0,1000.0
2016-11-16,10.52,0.02,0.19,10.5,10.52,6.9,10.58,10.5,10.5,3610.0,38028.0,1000.0
2016-11-15,10.5,0.08,0.768,10.5,10.52,6.88,10.58,10.46,10.42,4907.0,51663.0,1000.0
2016-11-14,10.42,0.04,0.382,10.4,10.42,6.83,10.52,10.32,10.46,4216.0,43945.0,1000.0
2016-11-11,10.46,0.06,0.57,10.44,10.46,6.86,10.6,10.4,10.52,5302.0,55552.0,1000.0
2016-11-10,10.52,0.12,1.154,10.5,10.52,6.9,10.54,10.44,10.4,7563.0,79555.0,1000.0
2016-11-09,10.4,0.08,0.763,10.36,10.4,6.82,10.56,10.16,10.48,9977.0,102872.0,1000.0
2016-11-08,10.48,0.04,0.38,10.48,10.5,6.87,10.56,10.44,10.52,3381.0,35493.0,1000.0
2016-11-07,10.52,0.22,2.136,10.5,10.52,6.9,10.54,10.3,10.3,7552.0,79230.0,1000.0
2016-11-04,10.3,0.08,0.783,10.3,10.32,6.75,10.38,10.2,10.22,3951.0,40698.0,1000.0
2016-11-03,10.22,0.0,0.0,10.22,10.24,6.7,10.34,10.22,10.22,2303.0,23621.0,1000.0
2016-11-02,10.22,0.14,1.351,10.22,10.24,6.7,10.44,10.22,10.36,4600.0,47378.0,1000.0
2016-11-01,10.36,0.14,1.37,10.34,10.36,6.79,10.46,10.22,10.22,7710.0,79899.0,1000.0
2016-10-31,10.22,0.16,1.59,10.22,10.24,6.7,10.28,10.06,10.06,7122.0,72638.0,1000.0
2016-10-28,10.06,0.14,1.373,10.04,10.06,6.6,10.18,10.0,10.2,8542.0,85914.0,1000.0
2016-10-27,10.2,0.2,1.923,10.18,10.2,6.69,10.32,10.1,10.4,7831.0,79696.0,1000.0
2016-10-26,10.4,0.1,0.952,10.34,10.4,6.82,10.52,10.26,10.5,7526.0,77734.0,1000.0
2016-10-25,10.5,0.04,0.38,10.5,10.52,6.88,10.6,10.5,10.54,3037.0,31937.0,1000.0
2016-10-24,10.54,0.06,0.573,10.52,10.54,6.91,10.66,10.42,10.48,8167.0,86069.0,1000.0
2016-10-21,10.48,0.0,0.0,,,6.87,,,10.48,0.0,0.0,1000.0
2016-10-20,10.48,0.02,0.19,10.48,10.5,6.87,10.56,10.4,10.5,13795.0,145164.0,1000.0
2016-10-19,10.5,0.06,0.575,10.48,10.5,6.88,10.5,10.3,10.44,7083.0,74039.0,1000.0
2016-10-18,10.44,0.1,0.967,10.42,10.44,6.85,10.5,10.28,10.34,6307.0,65659.0,1000.0
2016-10-17,10.34,0.06,0.584,10.34,10.36,6.78,10.4,10.16,10.28,6371.0,65561.0,1000.0
2016-10-14,10.28,0.02,0.195,10.26,10.28,6.74,10.32,10.18,10.26,6198.0,63478.0,1000.0
2016-10-13,10.26,0.5,4.647,10.24,10.26,6.73,10.64,10.16,10.76,24730.0,252909.0,1000.0
2016-10-12,10.76,0.02,0.186,10.74,10.76,7.05,10.84,10.66,10.74,6438.0,68925.0,1000.0
2016-10-11,10.74,0.14,1.287,10.74,10.76,7.04,10.96,10.68,10.88,6720.0,72324.0,1000.0
2016-10-07,10.88,0.0,0.0,10.86,10.88,7.13,10.92,10.84,10.88,3588.0,39039.0,1000.0
2016-10-06,10.88,0.06,0.555,10.88,10.9,7.13,11.0,10.82,10.82,5083.0,55531.0,1000.0
2016-10-05,10.82,0.06,0.551,10.8,10.82,7.09,10.88,10.74,10.88,4472.0,48441.0,1000.0
2016-10-04,10.88,0.02,0.184,10.88,10.9,7.13,10.9,10.8,10.86,4069.0,44184.0,1000.0
2016-10-03,10.86,0.06,0.556,10.86,10.88,7.12,10.96,10.84,10.8,3899.0,42378.0,1000.0
2016-09-30,10.8,0.12,1.099,10.76,10.8,7.08,10.9,10.7,10.92,9387.0,101158.0,1000.0
2016-09-29,10.92,0.0,0.0,10.9,10.92,7.16,10.98,10.88,10.92,4674.0,51014.0,1000.0
2016-09-28,10.92,0.06,0.546,10.9,10.92,7.16,11.0,10.88,10.98,5343.0,58311.0,1000.0
2016-09-27,10.98,0.04,0.366,10.96,10.98,7.2,11.0,10.84,10.94,5886.0,64411.0,1000.0
2016-09-26,10.94,0.12,1.085,10.92,10.94,7.17,11.12,10.88,11.06,10771.0,117770.0,1000.0
2016-09-23,11.06,0.04,0.36,11.06,11.08,7.25,11.2,11.06,11.1,4287.0,47514.0,1000.0
2016-09-22,11.1,0.04,0.359,11.1,11.12,7.28,11.24,11.1,11.14,5942.0,66220.0,1000.0
2016-09-21,11.14,0.04,0.358,11.12,11.14,7.3,11.18,11.06,11.18,8417.0,93625.0,1000.0
2016-09-20,11.18,0.06,0.534,11.18,11.2,7.33,11.3,11.16,11.24,2964.0,33219.0,1000.0
2016-09-19,11.24,0.08,0.717,11.22,11.24,7.37,11.28,11.12,11.16,4450.0,49770.0,1000.0
2016-09-15,11.16,0.0,0.0,11.16,11.18,7.32,11.22,11.04,11.16,5444.0,60737.0,1000.0
2016-09-14,11.16,0.06,0.541,11.16,11.18,7.32,11.26,11.12,11.1,3321.0,37124.0,1000.0
2016-09-13,11.1,0.22,1.943,11.1,11.12,7.28,11.36,11.1,11.32,8355.0,93312.0,1000.0
2016-09-12,11.32,0.08,0.702,11.3,11.32,7.42,11.36,11.2,11.4,6565.0,73963.0,1000.0
2016-09-09,11.4,0.04,0.35,11.38,11.4,7.47,11.5,11.28,11.44,7649.0,87322.0,1000.0
2016-09-08,11.44,0.1,0.882,11.42,11.44,7.5,11.46,11.26,11.34,7579.0,85846.0,1000.0
2016-09-07,11.34,0.05,0.439,11.32,11.34,7.44,11.48,11.32,11.39,4341.0,49317.0,1000.0
2016-09-06,11.44,0.0,0.0,11.42,11.44,7.5,11.48,11.36,11.44,4942.0,56391.0,1000.0
2016-09-05,11.44,0.16,1.418,11.44,11.46,7.5,11.48,11.28,11.28,4915.0,56186.0,1000.0
2016-09-02,11.28,0.06,0.535,11.26,11.28,7.4,11.4,11.22,11.22,5244.0,59269.0,1000.0
2016-09-01,11.22,0.06,0.538,11.2,11.22,7.36,11.28,11.08,11.16,4410.0,49351.0,1000.0
2016-08-31,11.16,0.04,0.36,11.16,11.18,7.32,11.22,11.08,11.12,6454.0,71986.0,1000.0
2016-08-30,11.12,0.04,0.358,11.1,11.12,7.29,11.2,11.04,11.16,4352.0,48347.0,1000.0
2016-08-29,11.16,0.06,0.535,11.14,11.16,7.32,11.28,11.12,11.22,2775.0,30941.0,1000.0
2016-08-26,11.22,0.1,0.883,11.22,11.24,7.36,11.32,11.16,11.32,7527.0,84617.0,1000.0
2016-08-25,11.32,0.18,1.616,11.28,11.32,7.42,11.36,11.12,11.14,13661.0,154030.0,1000.0
2016-08-24,11.14,0.12,1.066,11.12,11.14,7.3,11.36,11.06,11.26,6029.0,67288.0,1000.0
2016-08-23,11.26,0.14,1.259,11.24,11.26,7.38,11.28,11.06,11.12,10617.0,118298.0,1000.0
2016-08-22,11.12,0.0,0.0,11.1,11.12,7.29,11.24,11.02,11.12,11918.0,131965.0,1000.0
2016-08-19,11.12,0.22,1.94,11.12,11.14,7.29,11.34,11.02,11.34,15678.0,174756.0,1000.0
2016-08-18,11.34,0.58,4.866,11.32,11.34,7.44,11.82,11.32,11.92,20603.0,236673.0,1000.0
2016-08-17,11.92,0.94,7.309,11.9,11.92,7.82,12.86,11.86,12.86,19754.0,238693.0,1000.0
2016-08-16,12.86,0.06,0.469,12.82,12.86,8.43,12.9,12.7,12.8,4113.0,52559.0,1000.0
2016-08-15,12.8,0.1,0.787,12.78,12.8,8.39,12.84,12.62,12.7,3860.0,49285.0,1000.0
2016-08-12,12.7,0.16,1.276,12.7,12.72,8.33,12.74,12.52,12.54,5364.0,67791.0,1000.0
2016-08-11,12.54,0.1,0.791,12.54,12.56,8.22,12.8,12.54,12.64,5534.0,70080.0,1000.0
2016-08-10,12.64,0.16,1.25,12.62,12.64,8.29,12.8,12.58,12.8,6146.0,78026.0,1000.0
2016-08-09,12.8,0.14,1.082,12.78,12.8,8.39,13.08,12.68,12.94,7303.0,93762.0,1000.0
2016-08-08,12.94,0.36,2.862,12.92,12.94,8.48,12.96,12.6,12.58,5483.0,70287.0,1000.0
2016-08-05,12.58,0.22,1.78,12.58,12.6,8.25,12.62,12.3,12.36,7646.0,95624.0,1000.0
2016-08-04,12.36,0.1,0.816,12.34,12.36,8.1,12.36,12.26,12.26,4103.0,50569.0,1000.0
2016-08-03,12.26,0.44,3.465,12.24,12.26,8.04,12.6,12.26,12.7,4701.0,58040.0,1000.0
2016-08-02,12.7,0.0,0.0,,,8.33,,,12.7,0.0,0.0,1000.0
2016-08-01,12.7,0.1,0.794,12.64,12.7,8.33,12.76,12.56,12.6,3647.0,46204.0,1000.0
2016-07-29,12.6,0.14,1.124,12.56,12.6,8.26,12.6,12.4,12.46,4574.0,57236.0,1000.0
2016-07-28,12.46,0.04,0.322,12.46,12.52,8.17,12.54,12.38,12.42,3042.0,38015.0,1000.0
2016-07-27,12.42,0.0,0.0,12.42,12.46,8.14,12.6,12.42,12.42,5009.0,62660.0,1000.0
2016-07-26,12.42,0.14,1.14,12.4,12.42,8.14,12.52,12.32,12.28,5031.0,62637.0,1000.0
2016-07-25,12.28,0.06,0.491,12.28,12.32,8.05,12.36,12.18,12.22,2892.0,35596.0,1000.0
2016-07-22,12.22,0.14,1.133,12.2,12.22,8.01,12.34,12.04,12.36,4848.0,59119.0,1000.0
2016-07-21,12.36,0.06,0.488,12.34,12.36,8.1,12.44,12.14,12.3,5759.0,71118.0,1000.0
2016-07-20,12.3,0.1,0.82,12.28,12.3,8.06,12.38,12.12,12.2,3093.0,38072.0,1000.0
2016-07-19,12.2,0.36,2.866,12.2,12.22,8.0,12.52,12.04,12.56,10888.0,132514.0,1000.0
2016-07-18,12.56,0.24,1.948,12.54,12.56,8.23,12.6,12.34,12.32,5830.0,73175.0,1000.0
2016-07-15,12.32,0.12,0.984,12.34,12.36,8.08,12.34,12.18,12.2,5321.0,65468.0,1000.0
2016-07-14,12.2,0.2,1.667,12.2,12.24,8.0,12.24,11.8,12.0,4485.0,54519.0,1000.0
2016-07-13,12.0,0.24,2.041,11.98,12.0,7.87,12.08,11.78,11.76,4885.0,58581.0,1000.0
2016-07-12,11.76,0.26,2.261,11.76,11.8,7.71,11.88,11.42,11.5,5263.0,61598.0,1000.0
2016-07-11,11.5,0.24,2.131,11.46,11.5,7.54,11.5,11.38,11.26,104486.0,1196398.0,1000.0
2016-07-08,11.26,0.02,0.177,11.24,11.26,7.38,11.36,11.2,11.28,2825.0,31838.0,1000.0
2016-07-07,11.28,0.1,0.879,11.28,11.3,7.4,11.42,11.24,11.38,4612.0,52201.0,1000.0
2016-07-06,11.38,0.04,0.353,11.36,11.4,7.46,11.46,11.22,11.34,5033.0,57149.0,1000.0
2016-07-05,11.34,0.12,1.047,11.34,11.36,7.44,11.52,11.32,11.46,3842.0,43980.0,1000.0
2016-07-04,11.46,0.14,1.237,11.46,11.48,7.51,11.5,11.22,11.32,4485.0,51276.0,1000.0
2016-06-30,11.32,0.22,1.982,11.3,11.32,7.42,11.36,11.12,11.1,7643.0,86267.0,1000.0
2016-06-29,11.1,0.28,2.588,11.08,11.1,7.28,11.16,10.86,10.82,6425.0,70992.0,1000.0
2016-06-28,10.82,0.28,2.523,10.82,10.84,7.09,11.0,10.7,11.1,9616.0,103791.0,1000.0
2016-06-27,11.1,0.48,4.145,11.1,11.12,7.28,11.54,10.96,11.58,13362.0,147936.0,1000.0
2016-06-24,11.58,0.44,3.661,11.54,11.6,7.59,12.18,11.4,12.02,6705.0,77838.0,1000.0
2016-06-23,12.02,0.08,0.67,12.02,12.06,7.88,12.06,11.9,11.94,3078.0,36933.0,1000.0
2016-06-22,11.94,0.04,0.336,11.92,11.96,7.83,12.0,11.82,11.9,3246.0,38711.0,1000.0
2016-06-21,11.9,0.12,1.019,11.86,11.9,7.8,11.92,11.78,11.78,3244.0,38508.0,1000.0
2016-06-20,11.78,0.08,0.684,11.76,11.78,7.72,11.84,11.62,11.7,2719.0,31896.0,1000.0
2016-06-17,11.7,0.2,1.739,11.66,11.72,7.67,11.92,11.6,11.5,3291.0,38601.0,1000.0
2016-06-16,11.5,0.38,3.199,11.48,11.5,7.54,11.86,11.46,11.88,5409.0,62700.0,1000.0
2016-06-15,11.88,0.1,0.835,11.88,11.9,7.79,12.0,11.86,11.98,2244.0,26766.0,1000.0
2016-06-14,11.98,0.08,0.672,11.96,11.98,7.85,12.12,11.94,11.9,2183.0,26216.0,1000.0
2016-06-13,11.9,0.18,1.49,11.9,11.96,7.8,12.16,11.9,12.08,2809.0,33581.0,1000.0
2016-06-10,12.08,0.2,1.629,12.06,12.08,7.92,12.4,12.06,12.28,3202.0,39068.0,1000.0
2016-06-08,12.28,0.04,0.325,12.28,12.3,8.05,12.4,12.26,12.32,3008.0,37007.0,1000.0
2016-06-07,12.32,0.16,1.316,12.3,12.32,8.08,12.36,12.18,12.16,3173.0,38992.0,1000.0
2016-06-06,12.16,0.12,0.977,12.14,12.16,7.97,12.38,12.14,12.28,2219.0,27031.0,1000.0
2016-06-03,12.28,0.02,0.163,12.24,12.3,8.05,12.44,12.24,12.26,3263.0,40119.0,1000.0
2016-06-02,12.26,0.02,0.163,12.24,12.28,8.04,12.44,12.24,12.24,2304.0,28386.0,1000.0
2016-06-01,12.24,0.08,0.658,12.2,12.24,8.03,12.28,12.16,12.16,1675.0,20471.0,1000.0
2016-05-31,12.16,0.04,0.33,12.12,12.16,7.97,12.28,12.1,12.12,3670.0,44798.0,1000.0
2016-05-30,12.12,0.18,1.463,12.12,12.14,7.95,12.42,12.12,12.3,1624.0,19780.0,1000.0
2016-05-27,12.3,0.08,0.646,12.28,12.32,8.06,12.4,12.02,12.38,1911.0,23308.0,1000.0
2016-05-26,12.38,0.1,0.814,12.32,12.38,8.12,12.38,12.12,12.28,1956.0,24065.0,1000.0
2016-05-25,12.28,0.04,0.327,12.24,12.3,8.05,12.44,12.22,12.24,2918.0,35850.0,1000.0
2016-05-24,12.24,0.18,1.493,12.24,12.28,8.03,12.26,12.02,12.06,1567.0,19043.0,1000.0
2016-05-23,12.06,0.06,0.495,12.04,12.06,7.91,12.16,12.04,12.12,1205.0,14580.0,1000.0
2016-05-20,12.12,0.26,2.192,12.1,12.12,7.95,12.22,11.88,11.86,2358.0,28597.0,1000.0
2016-05-19,11.86,0.14,1.167,11.86,11.88,7.78,12.04,11.86,12.0,1793.0,21379.0,1000.0
2016-05-18,12.0,0.22,1.8,11.98,12.0,7.87,12.2,11.98,12.22,2241.0,26931.0,1000.0
2016-05-17,12.22,0.02,0.163,12.18,12.22,8.01,12.3,12.02,12.24,2408.0,29258.0,1000.0
2016-05-16,12.24,0.12,0.99,12.22,12.24,8.03,12.3,12.02,12.12,2578.0,31280.0,1000.0
2016-05-13,12.12,0.1,0.818,12.1,12.12,7.95,12.36,12.0,12.22,3145.0,38110.0,1000.0
2016-05-12,12.22,0.06,0.493,12.18,12.24,8.01,12.26,12.0,12.16,2029.0,24586.0,1000.0
2016-05-11,12.16,0.12,0.977,12.14,12.18,7.97,12.44,12.04,12.28,1109.0,13489.0,1000.0
2016-05-10,12.28,0.18,1.488,12.28,12.32,8.05,12.32,12.02,12.1,2610.0,31700.0,1000.0
2016-05-09,12.1,0.12,0.982,12.1,12.12,7.93,12.4,12.1,12.22,2053.0,24937.0,1000.0
2016-05-06,12.22,0.06,0.489,12.22,12.24,8.01,12.26,12.12,12.28,2213.0,26991.0,1000.0
2016-05-05,12.28,0.0,0.0,12.26,12.3,8.05,12.36,12.2,12.28,2708.0,33249.0,1000.0
2016-05-04,12.28,0.06,0.491,12.28,12.32,8.05,12.36,12.22,12.22,3000.0,36904.0,1000.0
2016-05-03,12.22,0.18,1.452,12.2,12.28,8.01,12.44,12.18,12.4,4772.0,58618.0,1000.0
2016-04-29,12.4,0.2,1.639,12.36,12.4,8.13,12.5,12.28,12.2,6022.0,74660.0,1000.0
2016-04-28,12.2,0.62,4.836,12.18,12.2,8.0,13.08,12.18,12.82,16428.0,204045.0,1000.0
2016-04-27,12.82,0.14,1.08,12.8,12.82,8.41,13.04,12.8,12.96,3356.0,43076.0,1000.0
2016-04-26,12.96,0.22,1.669,12.94,12.96,8.5,13.3,12.82,13.18,5088.0,65845.0,1000.0
2016-04-25,13.18,0.12,0.902,13.16,13.2,8.64,13.3,13.12,13.3,1477.0,19469.0,1000.0
2016-04-22,13.3,0.1,0.746,13.26,13.3,8.72,13.42,13.16,13.4,2008.0,26698.0,1000.0
2016-04-21,13.4,0.14,1.056,13.38,13.4,8.79,13.42,13.34,13.26,3528.0,47210.0,1000.0
2016-04-20,13.26,0.08,0.6,13.24,13.28,8.69,13.5,13.24,13.34,3177.0,42270.0,1000.0
2016-04-19,13.34,0.14,1.061,13.3,13.36,8.75,13.48,13.2,13.2,3081.0,40986.0,1000.0
2016-04-18,13.2,0.04,0.302,13.16,13.2,8.65,13.34,13.06,13.24,2504.0,33067.0,1000.0
2016-04-15,13.24,0.04,0.301,13.24,13.28,8.68,13.42,13.24,13.28,3060.0,40678.0,1000.0
2016-04-14,13.28,0.1,0.759,13.26,13.28,8.71,13.44,13.22,13.18,2906.0,38685.0,1000.0
2016-04-13,13.18,0.4,3.13,13.14,13.18,8.64,13.2,12.84,12.78,3468.0,45294.0,1000.0
2016-04-12,12.78,0.04,0.312,12.76,12.84,8.38,12.92,12.76,12.82,2125.0,27252.0,1000.0
2016-04-11,12.82,0.04,0.313,12.82,12.86,8.41,12.94,12.7,12.78,2995.0,38397.0,1000.0
2016-04-08,12.78,0.06,0.472,12.8,12.86,8.38,12.86,12.6,12.72,4319.0,55025.0,1000.0
2016-04-07,12.72,0.2,1.548,12.7,12.72,8.34,12.96,12.7,12.92,2987.0,38112.0,1000.0
2016-04-06,12.92,0.05,0.389,12.9,12.96,8.47,12.98,12.76,12.87,2368.0,30542.0,1000.0
2016-04-05,13.14,0.06,0.455,13.12,13.14,8.62,13.2,13.0,13.2,4054.0,53133.0,1000.0
2016-04-01,13.2,0.22,1.639,13.18,13.24,8.65,13.5,13.16,13.42,2548.0,33815.0,1000.0
2016-03-31,13.42,0.08,0.6,13.4,13.42,8.8,13.44,13.3,13.34,2810.0,37608.0,1000.0
2016-03-30,13.34,0.38,2.932,13.3,13.34,8.75,13.34,12.96,12.96,2468.0,32691.0,1000.0
2016-03-29,12.96,0.02,0.154,12.94,12.96,8.5,13.04,12.9,12.98,1853.0,24013.0,1000.0
2016-03-24,12.98,0.12,0.916,12.96,12.98,8.51,13.22,12.96,13.1,2539.0,33050.0,1000.0
2016-03-23,13.1,0.1,0.758,13.1,13.12,8.59,13.2,13.04,13.2,2808.0,36776.0,1000.0
2016-03-22,13.2,0.4,2.941,13.16,13.2,8.65,13.56,13.18,13.6,6141.0,81472.0,1000.0
2016-03-21,13.6,0.28,2.017,13.58,13.62,8.92,13.94,13.5,13.88,3839.0,52297.0,1000.0
2016-03-18,13.88,0.08,0.58,13.82,13.9,9.1,13.96,13.8,13.8,3804.0,52769.0,1000.0
2016-03-17,13.8,0.12,0.877,13.78,13.8,9.05,13.92,13.78,13.68,2891.0,40021.0,1000.0
2016-03-16,13.68,0.02,0.146,13.66,13.68,8.97,13.86,13.62,13.7,2261.0,30995.0,1000.0
2016-03-15,13.7,0.14,1.012,13.68,13.72,8.98,13.9,13.58,13.84,3699.0,50601.0,1000.0
2016-03-14,13.84,0.02,0.145,13.82,13.84,9.07,14.0,13.82,13.82,1825.0,25338.0,1000.0
2016-03-11,13.82,0.34,2.522,13.82,13.86,9.06,13.96,13.38,13.48,5107.0,70640.0,1000.0
2016-03-10,13.48,0.56,3.989,13.48,13.5,8.84,14.0,13.46,14.04,6902.0,94231.0,1000.0
2016-03-09,14.04,0.66,4.933,14.0,14.06,17.53,14.06,13.3,13.38,9808.0,135899.0,1000.0
2016-03-08,13.38,0.14,1.036,13.38,13.46,16.71,13.6,13.34,13.52,2245.0,30196.0,1000.0
2016-03-07,13.48,0.18,1.318,13.48,13.5,16.84,13.74,13.48,13.66,2399.0,32557.0,1000.0
2016-03-04,13.66,0.18,1.335,13.66,13.68,17.06,13.7,13.48,13.48,5090.0,69146.0,1000.0
2016-03-03,13.46,0.14,1.051,13.46,13.48,16.81,13.78,13.32,13.32,3064.0,41567.0,1000.0
2016-03-02,13.26,0.46,3.594,13.26,13.28,16.56,13.38,12.96,12.8,5238.0,69265.0,1000.0
2016-03-01,12.76,0.36,2.903,12.76,12.78,15.94,12.78,12.36,12.4,2121.0,26654.0,1000.0
2016-02-29,12.44,0.38,2.964,12.42,12.44,15.54,12.9,12.4,12.82,1421.0,17787.0,1000.0
2016-02-26,12.8,0.6,4.918,12.76,12.8,15.99,12.8,12.26,12.2,3147.0,39911.0,1000.0
2016-02-25,12.32,0.08,0.645,12.32,12.34,15.39,12.78,12.32,12.4,1805.0,22405.0,1000.0
2016-02-24,12.46,0.02,0.161,12.46,12.48,15.56,12.8,12.34,12.44,2293.0,28751.0,1000.0
2016-02-23,12.46,0.12,0.972,12.46,12.48,15.56,12.48,12.22,12.34,2809.0,34894.0,1000.0
2016-02-22,12.34,0.26,2.152,12.34,12.36,15.41,12.38,12.24,12.08,1743.0,21437.0,1000.0
2016-02-19,12.14,0.04,0.331,12.12,12.14,15.16,12.2,12.0,12.1,1070.0,12908.0,1000.0
2016-02-18,12.08,0.48,4.138,12.06,12.08,15.09,12.2,11.6,11.6,3880.0,46834.0,1000.0
2016-02-17,11.56,0.34,2.857,11.56,11.58,14.44,11.98,11.56,11.9,2338.0,27476.0,1000.0
2016-02-16,11.66,0.06,0.517,11.64,11.66,14.56,11.76,11.42,11.6,1568.0,18248.0,1000.0
2016-02-15,11.56,0.2,1.761,11.54,11.56,14.44,11.6,11.3,11.36,1573.0,18148.0,1000.0
2016-02-12,11.3,0.16,1.436,11.3,11.32,14.11,11.32,11.06,11.14,3007.0,33842.0,1000.0
2016-02-11,11.2,0.24,2.098,11.2,11.22,13.99,11.4,11.1,11.44,4461.0,50106.0,1000.0
2016-02-05,11.44,0.26,2.222,11.44,11.46,14.29,11.86,11.26,11.7,6936.0,79508.0,1000.0
2016-02-04,11.78,0.02,0.169,11.78,11.8,14.71,11.92,11.6,11.8,2540.0,29920.0,1000.0
2016-02-03,11.8,0.12,1.007,11.78,11.8,14.74,11.9,11.7,11.92,2041.0,23974.0,1000.0
2016-02-02,11.96,0.1,0.829,11.94,11.96,14.94,12.04,11.9,12.06,3252.0,38829.0,1000.0
2016-02-01,12.1,0.08,0.657,12.1,12.12,15.11,12.26,12.06,12.18,2325.0,28273.0,1000.0
2016-01-29,12.14,0.1,0.831,12.14,12.16,15.16,12.22,12.0,12.04,2546.0,30809.0,1000.0
2016-01-28,12.04,0.14,1.149,12.04,12.06,15.04,12.38,12.04,12.18,1858.0,22485.0,1000.0
2016-01-27,12.22,0.16,1.292,12.22,12.24,15.26,12.46,12.18,12.38,1302.0,16001.0,1000.0
2016-01-26,12.38,0.02,0.161,12.38,12.4,15.46,12.52,12.2,12.4,1490.0,18499.0,1000.0
2016-01-25,12.5,0.12,0.969,12.5,12.52,15.61,12.64,12.3,12.38,2360.0,29249.0,1000.0
2016-01-22,12.38,0.12,0.96,12.36,12.38,15.46,12.86,12.24,12.5,5304.0,65673.0,1000.0
2016-01-21,12.58,0.52,4.312,12.56,12.58,15.71,13.0,12.4,12.06,7384.0,93574.0,1000.0
2016-01-20,12.1,0.44,3.509,12.08,12.1,15.11,12.54,12.04,12.54,4711.0,57724.0,1000.0
2016-01-19,12.52,0.14,1.131,12.5,12.52,15.64,12.56,12.3,12.38,2592.0,32307.0,1000.0
2016-01-18,12.46,0.3,2.351,12.44,12.46,15.56,12.8,12.32,12.76,3288.0,40883.0,1000.0
2016-01-15,12.82,0.16,1.233,12.8,12.82,16.01,13.0,12.8,12.98,2781.0,35835.0,1000.0
2016-01-14,13.02,0.26,2.038,13.02,13.04,16.26,13.12,12.62,12.76,3536.0,45429.0,1000.0
2016-01-13,12.92,0.16,1.254,12.9,12.92,16.14,13.1,12.86,12.76,1833.0,23844.0,1000.0
2016-01-12,12.82,0.1,0.774,12.8,12.82,16.01,13.02,12.8,12.92,1552.0,19995.0,1000.0
2016-01-11,13.0,0.04,0.307,12.98,13.0,16.24,13.1,12.94,13.04,2844.0,36924.0,1000.0
2016-01-08,13.04,0.06,0.462,13.04,13.06,16.29,13.1,12.98,12.98,2450.0,31950.0,1000.0
2016-01-07,13.02,0.14,1.064,13.0,13.02,16.26,13.2,12.82,13.16,2361.0,30621.0,1000.0
2016-01-06,13.16,0.08,0.604,13.14,13.16,16.44,13.2,13.12,13.24,2130.0,28039.0,1000.0
2016-01-05,13.22,0.08,0.609,13.22,13.24,16.51,13.28,13.12,13.14,1412.0,18657.0,1000.0
2016-01-04,13.1,0.32,2.385,13.1,13.12,16.36,13.5,13.08,13.42,1686.0,22190.0,1000.0
2015-12-31,13.42,0.0,0.0,13.4,13.42,16.76,13.5,13.32,13.42,417.0,5602.0,1000.0
2015-12-30,13.4,0.04,0.299,13.4,13.42,16.74,13.5,13.34,13.36,1025.0,13725.0,1000.0
2015-12-29,13.36,0.08,0.602,13.36,13.38,16.69,13.42,13.22,13.28,856.0,11424.0,1000.0
2015-12-28,13.32,0.12,0.893,13.3,13.32,16.64,13.5,13.3,13.44,861.0,11487.0,1000.0
2015-12-24,13.44,0.06,0.444,13.42,13.44,16.79,13.5,13.42,13.5,403.0,5424.0,1000.0
2015-12-23,13.48,0.14,1.049,13.48,13.5,16.84,13.5,13.3,13.34,2167.0,29155.0,1000.0
2015-12-22,13.3,0.1,0.758,13.3,13.32,16.61,13.42,13.26,13.2,1313.0,17471.0,1000.0
2015-12-21,13.18,0.14,1.074,13.16,13.18,16.46,13.2,12.92,13.04,1256.0,16457.0,1000.0
2015-12-18,13.02,0.04,0.306,13.02,13.04,16.26,13.18,13.0,13.06,1246.0,16283.0,1000.0
2015-12-17,13.04,0.12,0.929,13.02,13.04,16.29,13.16,13.0,12.92,2393.0,31274.0,1000.0
2015-12-16,12.92,0.18,1.413,12.92,12.94,16.14,13.0,12.84,12.74,1643.0,21243.0,1000.0
2015-12-15,12.8,0.18,1.387,12.8,12.82,15.99,12.98,12.8,12.98,1906.0,24532.0,1000.0
2015-12-14,12.88,0.24,1.829,12.86,12.88,16.09,13.06,12.8,13.12,2039.0,26229.0,1000.0
2015-12-11,13.1,0.02,0.152,13.1,13.12,16.36,13.24,13.1,13.12,1709.0,22423.0,1000.0
2015-12-10,13.1,0.18,1.355,13.1,13.12,16.36,13.28,13.1,13.28,1455.0,19095.0,1000.0
2015-12-09,13.28,0.24,1.84,13.26,13.28,16.59,13.32,13.14,13.04,2876.0,38011.0,1000.0
2015-12-08,13.1,0.24,1.799,13.1,13.12,16.36,13.48,13.1,13.34,3199.0,42359.0,1000.0
2015-12-07,13.3,0.18,1.372,13.28,13.3,16.61,13.38,13.24,13.12,1799.0,23893.0,1000.0
2015-12-04,13.1,0.24,1.799,13.08,13.1,16.36,13.36,13.08,13.34,2936.0,38578.0,1000.0
2015-12-03,13.4,0.02,0.149,13.38,13.4,16.74,13.44,13.34,13.42,1681.0,22482.0,1000.0
2015-12-02,13.42,0.04,0.299,13.42,13.44,16.76,13.68,13.42,13.38,2095.0,28191.0,1000.0
2015-12-01,13.42,0.26,1.901,13.4,13.42,16.76,13.8,13.4,13.68,4570.0,61862.0,1000.0
2015-11-30,13.68,0.04,0.293,13.66,13.68,17.09,13.82,13.56,13.64,6829.0,93172.0,1000.0
2015-11-27,13.64,0.58,4.079,13.64,13.66,17.04,14.14,13.5,14.22,10670.0,145137.0,1000.0
2015-11-26,14.22,0.36,2.469,14.2,14.22,17.76,14.8,14.2,14.58,2418.0,35105.0,1000.0
2015-11-25,14.54,0.32,2.153,14.54,14.56,18.16,14.72,14.54,14.86,1631.0,23787.0,1000.0
2015-11-24,14.84,0.2,1.33,14.82,14.84,18.53,15.0,14.64,15.04,1686.0,24963.0,1000.0
2015-11-23,15.06,0.16,1.051,15.04,15.08,18.81,15.22,14.96,15.22,503.0,7565.0,1000.0
2015-11-20,15.22,0.34,2.285,15.26,15.28,19.01,15.28,14.88,14.88,2680.0,40416.0,1000.0
2015-11-19,14.92,0.3,2.052,14.9,14.94,18.63,15.06,14.82,14.62,1409.0,21064.0,1000.0
2015-11-18,14.62,0.06,0.409,14.62,14.64,18.26,14.82,14.6,14.68,1530.0,22487.0,1000.0
2015-11-17,14.58,0.0,0.0,14.58,14.6,18.21,14.96,14.58,14.58,2261.0,33230.0,1000.0
2015-11-16,14.68,0.3,2.003,14.66,14.68,18.33,14.92,14.62,14.98,1329.0,19503.0,1000.0
2015-11-13,14.98,0.08,0.531,14.98,15.04,18.71,15.12,14.84,15.06,2418.0,36198.0,1000.0
2015-11-12,15.0,0.26,1.764,14.98,15.0,18.73,15.0,14.7,14.74,1377.0,20456.0,1000.0
2015-11-11,14.8,0.02,0.135,14.8,14.82,18.48,14.98,14.72,14.78,1443.0,21433.0,1000.0
2015-11-10,14.78,0.44,2.891,14.76,14.78,18.46,15.12,14.76,15.22,2424.0,35956.0,1000.0
2015-11-09,15.32,0.0,0.0,15.3,15.32,19.13,15.38,15.14,15.32,724.0,11094.0,1000.0
2015-11-06,15.32,0.1,0.649,15.32,15.34,19.13,15.4,15.18,15.42,1886.0,28801.0,1000.0
2015-11-05,15.46,0.12,0.782,15.44,15.46,19.31,15.6,15.28,15.34,1412.0,21833.0,1000.0
2015-11-04,15.46,0.08,0.515,15.44,15.46,19.31,15.92,15.44,15.54,3478.0,54656.0,1000.0
2015-11-03,15.54,0.42,2.778,15.52,15.54,19.41,15.62,15.12,15.12,1936.0,30043.0,1000.0
2015-11-02,15.04,0.4,2.591,15.02,15.04,18.78,15.42,15.02,15.44,1377.0,20891.0,1000.0
2015-10-30,15.44,0.12,0.783,15.4,15.46,19.28,15.56,15.26,15.32,2751.0,42355.0,1000.0
2015-10-29,15.24,0.26,1.677,15.22,15.24,19.03,15.54,15.04,15.5,4889.0,74724.0,1000.0
2015-10-28,15.48,0.1,0.65,15.46,15.48,19.33,15.6,15.22,15.38,2565.0,39589.0,1000.0
2015-10-27,15.4,0.1,0.654,15.38,15.4,19.23,15.58,15.18,15.3,3046.0,46695.0,1000.0
2015-10-26,15.38,0.14,0.902,15.36,15.38,19.21,15.7,15.3,15.52,1523.0,23579.0,1000.0
2015-10-23,15.52,0.32,2.105,15.5,15.54,19.38,15.54,15.34,15.2,2708.0,41842.0,1000.0
2015-10-22,15.18,0.12,0.797,15.16,15.18,18.96,15.3,15.04,15.06,1352.0,20449.0,1000.0
2015-10-20,15.06,0.28,1.825,15.04,15.06,18.81,15.34,14.98,15.34,1641.0,24730.0,1000.0
2015-10-19,15.36,0.02,0.13,15.34,15.36,19.18,15.4,15.2,15.34,469.0,7180.0,1000.0
2015-10-16,15.34,0.02,0.131,15.32,15.4,19.16,15.46,15.22,15.32,3727.0,57137.0,1000.0
2015-10-15,15.28,0.52,3.523,15.28,15.3,19.08,15.36,14.82,14.76,5583.0,83917.0,1000.0
2015-10-14,14.78,0.2,1.335,14.78,14.8,18.46,15.2,14.7,14.98,1038.0,15383.0,1000.0
2015-10-13,14.96,0.06,0.403,14.94,14.96,18.68,15.0,14.86,14.9,1866.0,27907.0,1000.0
2015-10-12,14.82,0.12,0.816,14.82,14.84,18.51,14.98,14.76,14.7,1639.0,24359.0,1000.0
2015-10-09,14.7,0.18,1.21,14.7,14.72,18.36,15.14,14.7,14.88,3532.0,52352.0,1000.0
2015-10-08,14.92,0.08,0.533,14.92,14.94,18.63,15.06,14.8,15.0,9783.0,146259.0,1000.0
2015-10-07,14.84,0.18,1.198,14.82,14.84,18.53,15.14,14.56,15.02,6608.0,97834.0,1000.0
2015-10-06,15.02,0.06,0.398,15.0,15.02,18.76,15.3,14.9,15.08,4064.0,61058.0,1000.0
2015-10-05,14.98,0.16,1.08,14.98,15.0,18.71,15.2,14.84,14.82,4563.0,68534.0,1000.0
2015-10-02,14.82,0.3,2.066,14.82,14.84,18.51,14.94,14.2,14.52,2678.0,39192.0,1000.0
2015-09-30,14.52,0.14,0.974,14.5,14.56,18.13,14.56,14.2,14.38,5009.0,72088.0,1000.0
2015-09-29,14.26,0.34,2.329,14.24,14.26,17.81,14.84,13.9,14.6,4279.0,60463.0,1000.0
2015-09-25,14.6,0.06,0.413,14.58,14.62,18.23,14.82,14.3,14.54,3597.0,52555.0,1000.0
2015-09-24,14.52,0.16,1.09,14.5,14.52,18.13,14.72,14.38,14.68,2662.0,38640.0,1000.0
2015-09-23,14.58,0.24,1.619,14.56,14.58,18.21,14.74,14.4,14.82,3026.0,44067.0,1000.0
2015-09-22,14.96,0.42,2.889,14.94,14.96,18.68,14.96,14.5,14.54,2450.0,36068.0,1000.0
2015-09-21,14.5,0.18,1.226,14.5,14.52,18.11,14.64,14.32,14.68,1167.0,16911.0,1000.0
2015-09-18,14.68,0.0,0.0,14.62,14.72,18.33,14.76,14.34,14.68,1858.0,27249.0,1000.0
2015-09-17,14.56,0.12,0.831,14.54,14.56,18.18,14.82,14.52,14.44,5289.0,77559.0,1000.0
2015-09-16,14.4,0.28,1.983,14.36,14.4,17.98,14.44,14.0,14.12,1482.0,21174.0,1000.0
2015-09-15,14.14,0.04,0.284,14.14,14.16,17.66,14.22,14.0,14.1,2115.0,29924.0,1000.0
2015-09-14,14.12,0.02,0.141,14.1,14.12,17.63,14.3,14.06,14.14,1529.0,21604.0,1000.0
2015-09-10,14.0,0.1,0.709,14.0,14.02,17.48,14.12,13.9,14.1,2974.0,41709.0,1000.0
2015-09-09,14.08,0.24,1.734,14.08,14.1,17.58,14.4,13.86,13.84,4268.0,59829.0,1000.0
2015-09-08,13.86,0.28,2.062,13.84,13.86,17.31,13.9,13.52,13.58,1875.0,25582.0,1000.0
2015-09-07,13.72,0.02,0.146,13.7,13.72,17.14,14.0,13.42,13.7,2034.0,27867.0,1000.0
2015-09-04,13.7,0.04,0.291,13.7,13.76,17.11,13.82,13.4,13.74,6182.0,84080.0,1000.0
2015-09-02,13.74,0.06,0.435,13.7,13.74,17.16,14.0,13.68,13.8,3505.0,48403.0,1000.0
2015-09-01,13.98,0.02,0.143,13.96,13.98,17.46,14.2,13.82,14.0,3323.0,46307.0,1000.0
2015-08-31,13.96,0.36,2.514,13.94,13.96,17.43,14.34,13.8,14.32,2956.0,41289.0,1000.0
2015-08-28,14.32,0.18,1.241,14.3,14.32,17.88,14.68,14.24,14.5,5049.0,72818.0,1000.0
2015-08-27,14.32,0.3,2.14,14.32,14.34,17.88,14.48,14.12,14.02,2885.0,41151.0,1000.0
2015-08-26,14.02,0.22,1.594,14.0,14.02,17.51,14.38,13.8,13.8,4872.0,68490.0,1000.0
2015-08-25,13.74,0.58,4.05,13.72,13.74,17.16,14.4,13.38,14.32,9394.0,130066.0,1000.0
2015-08-24,14.14,0.64,4.33,14.12,14.14,17.66,14.6,13.96,14.78,6380.0,90797.0,1000.0
2015-08-21,14.78,0.1,0.672,14.74,14.82,18.46,14.84,14.32,14.88,10961.0,159806.0,1000.0
2015-08-20,14.8,0.58,3.771,14.8,14.82,18.48,15.04,14.16,15.38,19622.0,286603.0,1000.0
2015-08-19,15.36,1.3,7.803,15.34,15.36,19.18,16.68,15.26,16.66,11881.0,187561.0,1000.0
2015-08-18,16.72,0.24,1.415,16.72,16.76,20.88,17.38,16.7,16.96,2676.0,45193.0,1000.0
2015-08-17,17.06,0.08,0.471,17.04,17.06,21.31,17.08,16.8,16.98,1706.0,28825.0,1000.0
2015-08-14,16.98,0.32,1.85,16.96,17.0,21.21,17.56,16.92,17.3,6061.0,103384.0,1000.0
2015-08-13,17.24,0.82,4.54,17.24,17.26,21.53,17.98,17.14,18.06,4672.0,81453.0,1000.0
2015-08-12,18.02,0.28,1.53,18.0,18.04,22.51,18.5,18.0,18.3,2635.0,48002.0,1000.0
2015-08-11,18.42,0.26,1.392,18.42,18.44,23.0,18.9,18.32,18.68,1736.0,32091.0,1000.0
2015-08-10,18.72,0.04,0.213,18.7,18.72,23.38,18.86,18.2,18.76,1174.0,21806.0,1000.0
2015-08-07,18.76,0.36,1.957,18.72,18.78,23.43,18.78,18.18,18.4,2581.0,47952.0,1000.0
2015-08-06,18.46,0.16,0.874,18.46,18.48,23.05,18.6,18.1,18.3,1476.0,27219.0,1000.0
2015-08-05,18.44,0.02,0.108,18.42,18.44,23.03,19.04,18.18,18.46,2723.0,50382.0,1000.0
2015-08-04,18.5,0.24,1.314,18.46,18.5,23.1,18.52,18.12,18.26,3800.0,69782.0,1000.0
2015-08-03,18.26,0.08,0.436,18.26,18.28,22.81,18.54,18.26,18.34,1450.0,26590.0,1000.0
2015-07-31,18.34,0.36,1.925,18.3,18.34,22.9,19.08,18.2,18.7,4949.0,91244.0,1000.0
2015-07-30,18.72,0.08,0.426,18.7,18.8,23.38,19.22,18.62,18.8,2713.0,51450.0,1000.0
2015-07-29,18.9,0.02,0.106,18.9,18.92,23.6,19.1,18.8,18.92,1684.0,31859.0,1000.0
2015-07-28,18.84,0.16,0.842,18.84,18.86,23.53,19.66,18.8,19.0,3631.0,69669.0,1000.0
2015-07-27,18.88,0.52,2.68,18.88,18.9,23.58,19.28,18.8,19.4,1275.0,24195.0,1000.0
2015-07-24,19.4,0.02,0.103,19.36,19.4,24.23,19.62,19.06,19.42,1493.0,28906.0,1000.0
2015-07-23,19.5,0.38,1.987,19.48,19.5,24.35,19.52,19.1,19.12,724.0,14070.0,1000.0
2015-07-22,19.12,0.56,2.846,19.1,19.12,23.88,19.62,19.04,19.68,1705.0,32788.0,1000.0
2015-07-21,19.68,0.12,0.613,19.66,19.68,24.58,19.7,19.2,19.56,911.0,17802.0,1000.0
2015-07-20,19.6,0.14,0.719,19.58,19.6,24.48,19.6,19.08,19.46,609.0,11857.0,1000.0
2015-07-17,19.46,0.28,1.46,19.42,19.46,24.3,19.5,19.04,19.18,2695.0,52197.0,1000.0
2015-07-16,19.2,0.3,1.587,19.2,19.22,23.98,19.3,18.74,18.9,1567.0,30052.0,1000.0
2015-07-15,18.86,0.26,1.36,18.86,18.88,23.55,19.2,18.68,19.12,1800.0,33831.0,1000.0
2015-07-14,19.08,0.1,0.527,19.04,19.08,23.83,19.14,18.52,18.98,2240.0,42188.0,1000.0
2015-07-13,18.96,0.22,1.174,18.96,18.98,23.68,19.16,18.2,18.74,1868.0,35254.0,1000.0
2015-07-10,18.74,0.08,0.425,18.72,18.74,23.4,18.98,18.1,18.82,3657.0,68706.0,1000.0
2015-07-09,18.64,0.38,2.081,18.64,18.66,23.28,19.0,17.9,18.26,3407.0,63120.0,1000.0
2015-07-08,18.08,1.48,7.566,18.08,18.1,22.58,19.44,18.0,19.56,6249.0,117964.0,1000.0
2015-07-07,19.64,0.34,1.762,19.62,19.64,24.53,19.72,19.0,19.3,3688.0,72045.0,1000.0
2015-07-06,19.22,0.26,1.335,19.22,19.24,24.0,19.78,18.6,19.48,3943.0,75077.0,1000.0
2015-07-03,19.48,0.1,0.511,19.46,19.5,24.33,19.8,19.26,19.58,5243.0,102437.0,1000.0
2015-07-02,19.6,0.54,2.833,19.58,19.6,24.48,19.6,19.16,19.06,2425.0,47110.0,1000.0
2015-06-30,19.06,0.2,1.038,19.0,19.06,23.8,19.38,18.92,19.26,4161.0,79359.0,1000.0
2015-06-29,19.02,0.46,2.361,19.0,19.02,23.75,19.6,18.8,19.48,3867.0,73997.0,1000.0
2015-06-26,19.48,0.44,2.209,19.44,19.5,24.33,20.4,19.3,19.92,5514.0,107582.0,1000.0
2015-06-25,19.92,0.08,0.4,19.9,19.92,24.88,20.15,19.76,20.0,2129.0,42548.0,1000.0
2015-06-24,20.0,0.02,0.1,19.98,20.0,24.98,20.1,19.84,19.98,1436.0,28721.0,1000.0
2015-06-23,19.98,0.32,1.628,19.98,20.05,24.95,20.15,19.72,19.66,2982.0,59356.0,1000.0
2015-06-22,19.6,0.32,1.66,19.58,19.62,24.48,19.7,19.12,19.28,1492.0,29072.0,1000.0
2015-06-19,19.28,0.14,0.731,19.22,19.3,24.08,19.5,19.2,19.14,3998.0,77278.0,1000.0
2015-06-18,19.1,0.12,0.632,19.08,19.1,23.85,19.34,18.88,18.98,2511.0,47910.0,1000.0
2015-06-17,19.06,0.5,2.694,19.04,19.06,23.8,19.24,18.58,18.56,4781.0,90165.0,1000.0
2015-06-16,18.58,0.24,1.275,18.58,18.6,23.2,18.82,18.32,18.82,4403.0,81807.0,1000.0
2015-06-15,18.82,0.34,1.84,18.8,18.82,23.5,19.14,18.5,18.48,4612.0,86895.0,1000.0
2015-06-12,18.48,0.08,0.431,18.46,18.48,23.08,18.66,18.32,18.56,5000.0,92335.0,1000.0
2015-06-11,18.56,0.06,0.322,18.54,18.56,23.18,18.96,18.5,18.62,2644.0,49531.0,1000.0
2015-06-10,18.38,0.54,2.854,18.36,18.38,22.95,19.44,18.38,18.92,9985.0,190027.0,1000.0
2015-06-09,18.86,0.2,1.049,18.86,18.88,23.55,19.18,18.86,19.06,2209.0,41872.0,1000.0
2015-06-08,19.26,0.3,1.534,19.24,19.26,24.05,19.34,19.1,19.56,2824.0,54272.0,1000.0
2015-06-05,19.56,0.28,1.452,19.54,19.6,24.43,19.76,19.48,19.28,4485.0,87932.0,1000.0
2015-06-04,19.46,0.14,0.714,19.42,19.46,24.3,19.76,19.1,19.6,4182.0,80747.0,1000.0
2015-06-03,19.6,0.08,0.41,19.58,19.6,24.48,19.74,19.24,19.52,2651.0,51840.0,1000.0
2015-06-02,19.52,0.06,0.306,19.5,19.52,24.38,19.8,19.38,19.58,2371.0,46219.0,1000.0
2015-06-01,19.62,0.24,1.208,19.6,19.62,24.5,19.84,19.0,19.86,4698.0,91971.0,1000.0
2015-05-29,19.86,0.44,2.167,19.84,20.05,24.8,20.5,19.84,20.3,4358.0,87039.0,1000.0
2015-05-28,20.1,0.5,2.427,20.05,20.1,25.1,20.75,20.05,20.6,5952.0,121180.0,1000.0
2015-05-27,20.5,0.05,0.243,20.45,20.5,25.6,20.8,20.15,20.55,3336.0,68522.0,1000.0
2015-05-26,20.45,0.15,0.739,20.4,20.45,25.54,20.7,20.2,20.3,3531.0,72389.0,1000.0
2015-05-22,20.3,0.36,1.805,20.35,20.4,25.35,20.4,19.84,19.94,6697.0,135846.0,1000.0
2015-05-21,19.92,0.08,0.403,19.86,19.92,24.88,19.94,19.68,19.84,1776.0,35266.0,1000.0
2015-05-20,19.7,0.1,0.505,19.7,19.74,24.6,19.92,19.7,19.8,2050.0,40697.0,1000.0
2015-05-19,19.76,0.06,0.303,19.76,19.78,24.68,19.9,19.6,19.82,2214.0,43738.0,1000.0
2015-05-18,19.82,0.14,0.701,19.8,19.82,24.75,19.94,19.48,19.96,1326.0,26230.0,1000.0
2015-05-15,19.96,0.14,0.706,19.9,19.96,24.93,20.1,19.66,19.82,4414.0,87841.0,1000.0
2015-05-14,19.76,0.36,1.856,19.74,19.76,24.68,19.86,19.16,19.4,2568.0,50624.0,1000.0
2015-05-13,19.42,0.0,0.0,19.42,19.46,24.25,19.58,19.04,19.42,2640.0,51241.0,1000.0
2015-05-12,19.58,0.32,1.661,19.56,19.58,24.45,19.72,19.28,19.26,2523.0,49415.0,1000.0
2015-05-11,19.26,0.3,1.534,19.22,19.26,24.05,20.0,19.22,19.56,1750.0,34028.0,1000.0
2015-05-08,19.56,0.66,3.492,19.52,19.58,24.43,19.8,19.12,18.9,4731.0,92347.0,1000.0
2015-05-07,18.78,0.24,1.262,18.76,18.78,23.45,19.46,18.62,19.02,4847.0,91778.0,1000.0
2015-05-06,19.0,0.28,1.452,19.0,19.02,23.73,19.26,18.82,19.28,2733.0,52236.0,1000.0
2015-05-05,19.1,0.48,2.451,19.08,19.1,23.85,19.84,18.94,19.58,2875.0,55455.0,1000.0
2015-05-04,19.68,0.3,1.502,19.68,19.7,24.58,20.1,19.64,19.98,2199.0,43509.0,1000.0
2015-04-30,19.98,0.04,0.201,19.96,20.05,24.95,20.15,19.86,19.94,2888.0,57661.0,1000.0
2015-04-29,20.05,0.05,0.25,20.0,20.05,25.04,20.45,19.92,20.0,1963.0,39464.0,1000.0
2015-04-28,20.0,0.45,2.2,20.0,20.05,24.98,20.5,19.9,20.45,3243.0,65988.0,1000.0
2015-04-27,20.4,0.2,0.99,20.35,20.4,25.48,20.5,19.88,20.2,2435.0,49471.0,1000.0
2015-04-24,20.2,0.2,1.0,20.15,20.2,25.23,20.25,19.86,20.0,5456.0,109408.0,1000.0
2015-04-23,20.0,0.02,0.1,19.96,20.0,24.98,20.05,19.74,19.98,4816.0,95971.0,1000.0
2015-04-22,19.96,0.44,2.254,19.94,19.96,24.93,20.0,19.5,19.52,3871.0,77002.0,1000.0
2015-04-21,19.5,0.14,0.723,19.5,19.52,24.35,19.56,19.26,19.36,2043.0,39838.0,1000.0
2015-04-20,19.34,0.24,1.226,19.32,19.34,24.15,19.68,19.08,19.58,4343.0,84462.0,1000.0
2015-04-17,19.58,0.26,1.346,19.5,19.58,24.45,19.58,19.1,19.32,5709.0,110764.0,1000.0
2015-04-16,19.14,0.46,2.347,19.14,19.16,23.9,19.44,18.88,19.6,5350.0,102655.0,1000.0
2015-04-15,19.56,0.16,0.825,19.54,19.56,24.43,19.8,19.18,19.4,4522.0,88579.0,1000.0
2015-04-14,19.28,0.22,1.128,19.28,19.32,24.08,19.5,18.72,19.5,2740.0,52887.0,1000.0
2015-04-13,19.52,0.18,0.931,19.5,19.52,24.38,19.7,19.32,19.34,4429.0,86419.0,1000.0
2015-04-10,19.34,0.12,0.624,19.32,19.4,24.15,19.46,19.0,19.22,6328.0,122143.0,1000.0
2015-04-09,19.26,0.42,2.229,19.24,19.26,24.05,19.48,18.6,18.84,8379.0,160544.0,1000.0
2015-04-08,18.82,0.52,2.842,18.78,18.82,23.5,18.88,18.36,18.3,6844.0,128529.0,1000.0
2015-04-02,18.56,0.02,0.108,18.54,18.58,23.18,18.6,18.32,18.54,5302.0,98055.0,1000.0
2015-04-01,18.5,0.56,3.122,18.48,18.5,23.1,18.6,17.92,17.94,6057.0,111485.0,1000.0
2015-03-31,17.94,0.16,0.9,17.94,17.96,22.41,18.0,17.76,17.78,1805.0,32344.0,1000.0
2015-03-30,17.9,0.16,0.902,17.9,17.94,22.36,18.14,17.56,17.74,3946.0,71000.0,1000.0
2015-03-27,17.74,0.14,0.795,17.66,17.76,22.16,17.8,17.54,17.6,1554.0,27520.0,1000.0
2015-03-26,17.7,0.02,0.113,17.7,17.72,22.11,17.78,17.46,17.68,1857.0,32778.0,1000.0
2015-03-25,17.74,0.02,0.113,17.74,17.76,22.16,17.82,17.62,17.76,1291.0,22892.0,1000.0
2015-03-24,17.7,0.12,0.683,17.68,17.7,22.11,17.7,17.5,17.58,1529.0,26984.0,1000.0
2015-03-23,17.7,0.1,0.568,17.68,17.7,22.11,17.78,17.56,17.6,1769.0,31306.0,1000.0
2015-03-20,17.6,0.52,3.044,17.62,17.66,21.98,17.9,16.98,17.08,7134.0,125183.0,1000.0
2015-03-19,17.1,0.16,0.945,17.1,17.12,21.36,17.1,16.8,16.94,2435.0,41306.0,1000.0
2015-03-18,16.86,0.18,1.056,16.84,16.86,25.32,17.2,16.78,17.04,2336.0,39508.0,1000.0
2015-03-17,17.12,0.44,2.638,17.1,17.12,25.71,17.28,16.7,16.68,4388.0,75025.0,1000.0
2015-03-16,16.72,0.12,0.723,16.7,16.72,25.11,16.74,16.52,16.6,1057.0,17601.0,1000.0
2015-03-13,16.6,0.12,0.728,16.52,16.62,24.92,16.62,16.36,16.48,2380.0,39367.0,1000.0
2015-03-12,16.5,0.12,0.733,16.48,16.5,24.77,16.66,16.32,16.38,1126.0,18597.0,1000.0
2015-03-11,16.42,0.08,0.49,16.42,16.44,24.65,16.48,16.24,16.34,1912.0,31293.0,1000.0
2015-03-10,16.36,0.02,0.122,16.36,16.38,24.56,16.56,16.3,16.38,1686.0,27712.0,1000.0
2015-03-09,16.38,0.28,1.681,16.36,16.42,24.59,16.62,16.24,16.66,3812.0,62402.0,1000.0
2015-03-06,16.66,0.08,0.478,16.62,16.72,25.02,16.76,16.58,16.74,3081.0,51283.0,1000.0
2015-03-05,16.74,0.32,1.876,16.7,16.76,25.14,17.04,16.64,17.06,3575.0,59847.0,1000.0
2015-03-04,17.06,0.16,0.929,17.02,17.08,25.62,17.24,17.0,17.22,2033.0,34675.0,1000.0
2015-03-03,17.22,0.12,0.692,17.2,17.24,25.86,17.44,17.2,17.34,1151.0,19847.0,1000.0
2015-03-02,17.34,0.06,0.345,17.32,17.4,26.04,17.5,17.18,17.4,1736.0,30190.0,1000.0
2015-02-27,17.4,0.08,0.462,17.4,17.44,26.13,17.52,17.3,17.32,3019.0,52657.0,1000.0
2015-02-26,17.32,0.16,0.932,17.24,17.32,26.01,17.46,17.14,17.16,2225.0,38478.0,1000.0
2015-02-25,17.16,0.08,0.468,17.14,17.16,25.77,17.38,16.96,17.08,1878.0,32348.0,1000.0
2015-02-24,17.08,0.04,0.235,17.06,17.08,25.65,17.1,16.94,17.04,2314.0,39404.0,1000.0
2015-02-23,17.04,0.14,0.815,17.0,17.08,25.59,17.16,17.0,17.18,2910.0,49757.0,1000.0
2015-02-18,17.18,0.06,0.35,17.14,17.2,25.8,17.24,17.1,17.12,1542.0,26501.0,1000.0
2015-02-17,17.12,0.04,0.234,17.08,17.12,25.71,17.16,17.02,17.08,1310.0,22391.0,1000.0
2015-02-16,17.08,0.12,0.698,17.04,17.1,25.65,17.3,17.02,17.2,1627.0,27802.0,1000.0
2015-02-13,17.2,0.1,0.585,17.18,17.2,25.83,17.26,17.06,17.1,1910.0,32767.0,1000.0
2015-02-12,17.1,0.34,1.95,17.1,17.12,25.68,17.62,17.1,17.44,3066.0,52694.0,1000.0
2015-02-11,17.44,0.32,1.869,17.4,17.46,26.19,17.48,17.2,17.12,3520.0,61178.0,1000.0
2015-02-10,17.12,0.02,0.117,17.08,17.12,25.71,17.2,16.88,17.1,3149.0,53715.0,1000.0
2015-02-09,17.1,0.26,1.498,17.08,17.16,25.68,17.4,17.08,17.36,2562.0,44137.0,1000.0
2015-02-06,17.36,0.08,0.459,17.32,17.34,26.07,17.58,17.26,17.44,3038.0,52802.0,1000.0
2015-02-05,17.44,0.06,0.345,17.42,17.52,26.19,17.66,17.28,17.38,2719.0,47498.0,1000.0
2015-02-04,17.38,0.06,0.346,17.34,17.38,26.1,17.42,17.02,17.32,2640.0,45640.0,1000.0
2015-02-03,17.32,0.66,3.671,17.32,17.34,26.01,18.04,17.32,17.98,6611.0,115483.0,1000.0
2015-02-02,17.98,0.12,0.663,17.94,18.0,27.0,18.28,17.8,18.1,2005.0,35953.0,1000.0
2015-01-30,18.1,0.1,0.556,18.04,18.12,27.18,18.18,18.0,18.0,5707.0,103090.0,1000.0
2015-01-29,18.0,0.04,0.223,17.98,18.0,27.03,18.1,17.9,17.96,3070.0,55217.0,1000.0
2015-01-28,17.96,0.04,0.223,17.94,18.0,26.97,18.04,17.8,17.92,2383.0,42788.0,1000.0
2015-01-27,17.92,0.2,1.104,17.9,17.94,26.91,18.28,17.82,18.12,2349.0,42255.0,1000.0
2015-01-26,18.12,0.16,0.875,18.08,18.18,27.21,18.28,18.08,18.28,4092.0,74301.0,1000.0
2015-01-23,18.28,1.02,5.91,18.22,18.3,27.45,18.3,17.24,17.26,15176.0,273127.0,1000.0
2015-01-22,17.26,0.06,0.349,17.26,17.28,25.92,17.46,17.24,17.2,4835.0,83744.0,1000.0
2015-01-21,17.2,0.24,1.415,17.2,17.24,25.83,17.32,17.06,16.96,3550.0,61052.0,1000.0
2015-01-20,16.96,0.04,0.236,16.92,16.96,25.47,17.0,16.8,16.92,2337.0,39533.0,1000.0
2015-01-19,16.92,0.48,2.759,16.9,16.94,25.41,17.4,16.7,17.4,5556.0,94075.0,1000.0
2015-01-16,17.4,0.26,1.472,17.4,17.48,26.13,17.56,17.38,17.66,3760.0,65683.0,1000.0
2015-01-15,17.66,0.08,0.451,17.62,17.66,26.52,17.74,17.56,17.74,2018.0,35667.0,1000.0
2015-01-14,17.74,0.2,1.14,17.72,17.74,26.64,17.8,17.36,17.54,5636.0,99688.0,1000.0
2015-01-13,17.54,0.06,0.343,17.5,17.58,26.34,17.64,17.34,17.48,4448.0,77856.0,1000.0
2015-01-12,17.48,0.2,1.131,17.44,17.46,26.25,17.6,17.3,17.68,3054.0,53146.0,1000.0
2015-01-09,17.68,0.5,2.91,17.66,17.7,26.55,17.88,17.36,17.18,12974.0,229825.0,1000.0
2015-01-08,17.18,0.22,1.297,17.16,17.22,25.8,17.28,16.94,16.96,16887.0,288740.0,1000.0
2015-01-07,16.96,0.62,3.794,16.94,16.96,25.47,17.2,16.32,16.34,12965.0,218701.0,1000.0
2015-01-06,16.34,0.02,0.123,16.32,16.36,24.53,16.66,16.22,16.32,7842.0,128202.0,1000.0
2015-01-05,16.32,0.56,3.318,16.3,16.34,24.5,16.9,16.3,16.88,5970.0,98285.0,1000.0
2015-01-02,16.88,0.02,0.118,16.86,16.9,25.35,16.9,16.76,16.9,1008.0,16978.0,1000.0
2014-12-31,16.9,0.1,0.595,16.82,16.92,25.38,16.92,16.68,16.8,1802.0,30219.0,1000.0
2014-12-30,16.8,0.1,0.599,16.8,16.82,25.23,16.94,16.7,16.7,1815.0,30581.0,1000.0
2014-12-29,16.7,0.02,0.12,16.68,16.7,25.08,16.86,16.68,16.68,2351.0,39462.0,1000.0
2014-12-24,16.68,0.02,0.12,16.62,16.64,25.05,16.8,16.56,16.66,1485.0,24689.0,1000.0
2014-12-23,16.66,0.18,1.069,16.62,16.66,25.02,16.84,16.56,16.84,2681.0,44663.0,1000.0
2014-12-22,16.84,0.22,1.324,16.8,16.84,25.29,16.86,16.62,16.62,2422.0,40648.0,1000.0
2014-12-19,16.62,0.18,1.071,16.6,16.7,24.95,16.8,16.42,16.8,7243.0,120355.0,1000.0
2014-12-18,16.8,0.04,0.238,16.76,16.86,25.23,16.96,16.5,16.84,4760.0,80051.0,1000.0
2014-12-17,16.84,0.34,1.979,16.82,16.84,25.29,17.12,16.76,17.18,12314.0,208457.0,1000.0
2014-12-16,17.18,0.08,0.463,17.14,17.16,25.8,17.48,17.14,17.26,5238.0,90624.0,1000.0
2014-12-15,17.26,0.1,0.576,17.22,17.3,25.92,17.6,17.2,17.36,2697.0,46646.0,1000.0
2014-12-12,17.36,0.22,1.251,17.34,17.4,26.07,17.76,17.26,17.58,4178.0,73373.0,1000.0
2014-12-11,17.58,0.34,1.972,17.58,17.64,26.4,17.66,17.32,17.24,4607.0,80921.0,1000.0
2014-12-10,17.24,0.3,1.71,17.22,17.26,25.89,17.5,17.06,17.54,2639.0,45562.0,1000.0
2014-12-09,17.54,0.3,1.74,17.5,17.54,26.34,17.68,17.4,17.24,6707.0,117474.0,1000.0
2014-12-08,17.24,0.14,0.819,17.26,17.3,25.89,17.78,17.2,17.1,6143.0,106964.0,1000.0
2014-12-05,17.1,0.58,3.281,17.12,17.2,25.68,17.86,17.06,17.68,7392.0,128137.0,1000.0
2014-12-04,17.68,0.28,1.609,17.68,17.72,26.55,18.0,17.26,17.4,13383.0,237029.0,1000.0
2014-12-03,17.4,0.0,0.0,17.36,17.46,26.13,17.9,17.32,17.4,9872.0,173879.0,1000.0
2014-12-02,17.4,0.26,1.472,17.32,17.4,26.13,17.7,17.02,17.66,12534.0,217233.0,1000.0
2014-12-01,17.66,0.58,3.396,17.62,17.66,26.52,17.9,17.22,17.08,21724.0,385448.0,1000.0
2014-11-28,17.08,0.82,5.043,17.06,17.08,25.65,17.68,16.82,16.26,19798.0,342199.0,1000.0
2014-11-27,16.26,0.2,1.245,16.26,16.28,24.41,16.34,16.1,16.06,5520.0,89758.0,1000.0
2014-11-26,16.06,0.18,1.134,15.98,16.08,24.11,16.08,15.9,15.88,4348.0,69492.0,1000.0
2014-11-25,15.88,0.08,0.506,15.8,15.9,23.84,15.92,15.5,15.8,5247.0,83130.0,1000.0
2014-11-24,15.8,0.42,2.731,15.78,15.8,23.72,15.86,15.52,15.38,4149.0,65291.0,1000.0
2014-11-21,15.38,0.2,1.318,15.38,15.46,23.09,15.46,15.06,15.18,3460.0,52977.0,1000.0
2014-11-20,15.18,0.12,0.784,15.16,15.18,22.79,15.3,15.04,15.3,3557.0,53965.0,1000.0
2014-11-19,15.3,0.04,0.261,15.3,15.32,22.97,15.5,15.2,15.34,3753.0,57501.0,1000.0
2014-11-18,15.34,0.24,1.54,15.3,15.38,23.03,15.7,15.3,15.58,3454.0,53280.0,1000.0
2014-11-17,15.58,0.1,0.638,15.56,15.62,23.39,15.8,15.54,15.68,5862.0,92022.0,1000.0
2014-11-14,15.68,0.04,0.254,15.66,15.7,23.54,15.72,15.5,15.72,3366.0,52603.0,1000.0
2014-11-13,15.72,0.44,2.88,15.66,15.74,23.6,15.76,15.28,15.28,9239.0,144356.0,1000.0
2014-11-12,15.28,0.12,0.792,15.22,15.28,22.94,15.36,15.12,15.16,4068.0,62010.0,1000.0
2014-11-11,15.16,0.38,2.571,15.1,15.18,22.76,15.18,14.78,14.78,10038.0,150596.0,1000.0
2014-11-10,14.78,0.02,0.136,14.76,14.8,22.19,14.94,14.7,14.76,5145.0,76400.0,1000.0
2014-11-07,14.76,0.0,0.0,14.76,14.78,22.16,14.8,14.64,14.76,3718.0,54843.0,1000.0
2014-11-06,14.76,0.06,0.408,14.72,14.76,22.16,14.8,14.68,14.7,4694.0,69203.0,1000.0
2014-11-05,14.7,0.02,0.136,14.66,14.72,22.07,14.72,14.62,14.68,4275.0,62753.0,1000.0
2014-11-04,14.68,0.08,0.548,14.66,14.7,22.04,14.7,14.56,14.6,4786.0,70191.0,1000.0
2014-11-03,14.6,0.06,0.413,14.56,14.62,21.92,14.7,14.42,14.54,3723.0,54343.0,1000.0
2014-10-31,14.54,0.16,1.113,14.5,14.56,21.83,14.56,14.32,14.38,2632.0,38035.0,1000.0
2014-10-30,14.38,0.04,0.277,14.36,14.38,21.59,14.5,14.3,14.42,1849.0,26637.0,1000.0
2014-10-28,14.34,0.22,1.558,14.32,14.34,21.53,14.36,14.14,14.12,3241.0,46267.0,1000.0
2014-10-27,14.12,0.08,0.57,14.1,14.14,21.2,14.2,14.08,14.04,1574.0,22227.0,1000.0
2014-10-24,14.04,0.12,0.847,14.02,14.08,21.08,14.1,13.88,14.16,2968.0,41630.0,1000.0
2014-10-23,14.16,0.04,0.282,14.14,14.18,21.26,14.28,14.06,14.2,1899.0,26813.0,1000.0
2014-10-22,14.2,0.42,3.048,14.16,14.22,21.32,14.3,13.8,13.78,4794.0,67883.0,1000.0
2014-10-21,13.78,0.02,0.145,13.78,13.8,20.69,13.9,13.72,13.8,5269.0,72678.0,1000.0
2014-10-20,13.8,0.1,0.73,13.8,13.82,20.72,13.96,13.78,13.7,4453.0,61652.0,1000.0
2014-10-17,13.7,0.18,1.297,13.68,13.7,20.57,13.9,13.56,13.88,8368.0,114752.0,1000.0
2014-10-16,13.88,0.1,0.715,13.86,13.88,20.84,14.0,13.82,13.98,3859.0,53665.0,1000.0
2014-10-15,13.98,0.08,0.576,13.96,14.0,20.99,14.1,13.92,13.9,8689.0,121782.0,1000.0
2014-10-14,13.9,0.28,1.975,13.9,13.92,20.87,14.2,13.9,14.18,9731.0,135722.0,1000.0
2014-10-13,14.18,0.2,1.391,14.14,14.18,21.29,14.34,14.02,14.38,7752.0,109385.0,1000.0
2014-10-10,14.38,0.22,1.507,14.36,14.42,21.59,14.56,14.28,14.6,5921.0,85182.0,1000.0
2014-10-09,14.6,0.06,0.413,14.6,14.62,21.92,14.66,14.5,14.54,2380.0,34656.0,1000.0
2014-10-08,14.54,0.1,0.683,14.52,14.56,21.83,14.68,14.38,14.64,2680.0,38967.0,1000.0
2014-10-07,14.64,0.18,1.245,14.6,14.64,21.98,14.64,14.2,14.46,3758.0,54476.0,1000.0
2014-10-06,14.46,0.08,0.556,14.42,14.46,21.71,14.5,14.2,14.38,2371.0,33998.0,1000.0
2014-10-03,14.38,0.08,0.559,14.36,14.38,21.59,14.4,14.0,14.3,6031.0,85542.0,1000.0
2014-09-30,14.3,0.08,0.556,14.26,14.32,21.47,14.38,14.2,14.38,8087.0,115276.0,1000.0
2014-09-29,14.38,0.12,0.828,14.36,14.38,21.59,14.46,14.26,14.5,9467.0,135663.0,1000.0
2014-09-26,14.5,0.02,0.138,14.5,14.52,21.77,14.6,14.46,14.52,2075.0,30101.0,1000.0
2014-09-25,14.52,0.02,0.138,14.5,14.56,21.8,14.58,14.42,14.5,2303.0,33366.0,1000.0
2014-09-24,14.5,0.0,0.0,14.5,14.54,21.77,14.54,14.44,14.5,4550.0,65975.0,1000.0
2014-09-23,14.5,0.14,0.956,14.5,14.56,21.77,14.7,14.44,14.64,2842.0,41245.0,1000.0
2014-09-22,14.64,0.12,0.813,14.64,14.66,21.98,14.76,14.54,14.76,2499.0,36567.0,1000.0
2014-09-19,14.76,0.06,0.405,14.72,14.78,22.16,14.84,14.6,14.82,3734.0,55069.0,1000.0
2014-09-18,14.82,0.0,0.0,14.8,14.82,22.25,14.86,14.7,14.82,5221.0,77277.0,1000.0
2014-09-17,14.82,0.1,0.679,14.78,14.82,22.25,14.84,14.56,14.72,8743.0,129290.0,1000.0
2014-09-16,14.72,0.22,1.517,14.7,14.72,22.1,14.76,14.48,14.5,5033.0,73936.0,1000.0
2014-09-15,14.5,0.12,0.834,14.46,14.52,21.77,14.56,14.3,14.38,3679.0,53025.0,1000.0
2014-09-12,14.38,0.0,0.0,14.36,14.38,21.59,14.38,14.3,14.38,1247.0,17895.0,1000.0
2014-09-11,14.38,0.02,0.139,14.36,14.38,21.59,14.46,14.3,14.36,3790.0,54493.0,1000.0
2014-09-10,14.36,0.0,0.0,14.34,14.36,21.56,14.4,14.3,14.36,4342.0,62296.0,1000.0
2014-09-08,14.36,0.0,0.0,14.34,14.36,21.56,14.38,14.3,14.36,1768.0,25345.0,1000.0
2014-09-05,14.36,0.02,0.139,14.34,14.38,21.56,14.4,14.3,14.34,3299.0,47343.0,1000.0
2014-09-04,14.34,0.04,0.28,14.32,14.36,21.53,14.4,14.3,14.3,4421.0,63457.0,1000.0
2014-09-03,14.3,0.08,0.563,14.28,14.3,21.47,14.4,14.18,14.22,9172.0,130862.0,1000.0
2014-09-02,14.32,0.06,0.421,14.32,14.34,21.5,14.36,14.26,14.26,3496.0,50040.0,1000.0
2014-09-01,14.26,0.14,0.972,14.24,14.28,21.41,14.5,14.2,14.4,6266.0,89360.0,1000.0
2014-08-29,14.4,0.12,0.826,14.38,14.4,21.62,14.6,14.38,14.52,4261.0,61449.0,1000.0
2014-08-28,14.52,0.16,1.09,14.52,14.54,21.8,14.68,14.5,14.68,6266.0,91585.0,1000.0
2014-08-27,14.68,0.04,0.272,14.64,14.7,22.04,14.72,14.62,14.72,2864.0,42002.0,1000.0
2014-08-26,14.72,0.06,0.406,14.74,14.76,22.1,14.9,14.72,14.78,3257.0,48130.0,1000.0
2014-08-25,14.78,0.0,0.0,14.78,14.82,22.19,14.88,14.68,14.78,2969.0,43898.0,1000.0
2014-08-22,14.78,0.12,0.805,14.74,14.8,22.19,14.96,14.62,14.9,4203.0,62148.0,1000.0
2014-08-21,14.9,0.04,0.268,14.9,14.92,22.37,15.2,14.8,14.94,2643.0,39506.0,1000.0
2014-08-20,14.94,0.1,0.674,14.88,14.96,22.43,15.1,14.84,14.84,4536.0,67953.0,1000.0
2014-08-19,14.84,0.02,0.135,14.82,14.84,22.28,14.86,14.68,14.86,2789.0,41220.0,1000.0
2014-08-18,14.86,0.12,0.814,14.82,14.88,22.31,14.88,14.7,14.74,1920.0,28403.0,1000.0
2014-08-15,14.74,0.08,0.546,14.72,14.74,22.13,14.86,14.6,14.66,3128.0,46171.0,1000.0
2014-08-14,14.66,0.02,0.136,14.64,14.72,22.01,14.74,14.6,14.68,5700.0,83648.0,1000.0
2014-08-13,14.68,0.26,1.74,14.66,14.68,22.04,14.98,14.66,14.94,5626.0,82865.0,1000.0
2014-08-12,14.94,0.14,0.946,14.9,14.94,22.43,14.94,14.84,14.8,1925.0,28696.0,1000.0
2014-08-11,14.8,0.04,0.271,14.8,14.82,22.22,14.88,14.76,14.76,2091.0,30992.0,1000.0
2014-08-08,14.76,0.14,0.958,14.76,14.78,22.16,14.84,14.62,14.62,5620.0,82921.0,1000.0
2014-08-07,14.62,0.0,0.0,14.6,14.62,21.95,14.8,14.6,14.62,2406.0,35212.0,1000.0
2014-08-06,14.62,0.12,0.814,14.6,14.62,21.95,14.78,14.58,14.74,2825.0,41285.0,1000.0
2014-08-05,,0.22,1.471,14.74,14.76,22.13,15.02,,14.96,3737.0,55252.0,1000.0
2014-08-04,,0.28,1.907,14.96,14.98,22.46,15.1,,14.68,5346.0,79940.0,1000.0
2014-08-01,14.68,0.04,0.272,14.66,14.68,22.04,14.76,14.5,14.72,4212.0,61779.0,1000.0
2014-07-31,14.72,0.18,1.238,14.7,14.76,22.1,14.76,14.48,14.54,6484.0,94723.0,1000.0
2014-07-30,14.54,0.08,0.553,14.54,14.56,21.83,14.64,14.46,14.46,4579.0,66863.0,1000.0
2014-07-29,14.46,0.06,0.413,14.46,14.48,21.71,14.6,14.44,14.52,3524.0,51045.0,1000.0
2014-07-28,14.52,0.1,0.684,14.5,14.56,21.8,14.6,14.46,14.62,1551.0,22576.0,1000.0
2014-07-25,14.62,0.06,0.409,14.6,14.62,21.95,14.68,14.46,14.68,989.0,14442.0,1000.0
2014-07-24,14.68,0.08,0.548,14.66,14.68,22.04,14.72,14.56,14.6,4183.0,61368.0,1000.0
2014-07-23,14.6,0.22,1.53,14.56,14.62,21.92,14.68,14.44,14.38,3751.0,54667.0,1000.0
2014-07-22,14.38,0.0,0.0,14.36,14.38,21.59,14.46,14.36,14.38,2169.0,31233.0,1000.0
2014-07-21,14.38,0.02,0.139,14.36,14.4,21.59,14.5,14.34,14.4,936.0,13461.0,1000.0
2014-07-18,14.4,0.08,0.552,14.38,14.4,21.62,14.44,14.24,14.48,2571.0,36896.0,1000.0
2014-07-17,14.48,0.06,0.416,14.46,14.52,21.74,14.52,14.44,14.42,2021.0,29276.0,1000.0
2014-07-16,14.42,0.04,0.278,14.42,14.48,21.65,14.5,14.38,14.38,1961.0,28359.0,1000.0
2014-07-15,14.38,0.12,0.842,14.38,14.4,21.59,14.46,14.3,14.26,4995.0,71969.0,1000.0
2014-07-14,14.26,0.04,0.281,14.24,14.26,21.41,14.32,14.18,14.22,2002.0,28540.0,1000.0
2014-07-11,14.22,0.0,0.0,14.18,14.2,21.35,14.26,14.14,14.22,2931.0,41593.0,1000.0
2014-07-10,14.22,0.02,0.14,14.2,14.22,21.35,14.3,14.14,14.24,2967.0,42210.0,1000.0
2014-07-09,14.24,0.26,1.793,14.22,14.24,21.38,14.52,14.22,14.5,3057.0,43826.0,1000.0
2014-07-08,14.5,0.0,0.0,14.5,14.52,21.77,14.56,14.46,14.5,1497.0,21721.0,1000.0
2014-07-07,14.5,0.08,0.549,14.48,14.5,21.77,14.6,14.48,14.58,2647.0,38491.0,1000.0
2014-07-04,14.58,0.1,0.681,14.56,14.6,21.89,14.74,14.52,14.68,1151.0,16827.0,1000.0
2014-07-03,14.68,0.04,0.273,14.62,14.7,22.04,14.78,14.62,14.64,1764.0,25877.0,1000.0
2014-07-02,14.64,0.16,1.105,14.62,14.64,21.98,14.78,14.0,14.48,3519.0,51391.0,1000.0
2014-06-30,14.48,0.02,0.138,14.44,14.48,21.74,14.56,14.34,14.46,2704.0,39155.0,1000.0
2014-06-27,14.46,0.06,0.417,14.44,14.46,21.71,14.48,14.32,14.4,7059.0,101736.0,1000.0
2014-06-26,14.4,0.14,0.982,14.4,14.42,21.62,14.44,14.26,14.26,3189.0,45906.0,1000.0
2014-06-25,14.26,0.04,0.28,14.3,14.34,21.41,14.48,14.22,14.3,2651.0,37929.0,1000.0
2014-06-24,14.3,0.04,0.281,14.28,14.3,21.47,14.42,14.26,14.26,1702.0,24356.0,1000.0
2014-06-23,14.26,0.18,1.247,14.24,14.28,21.41,14.5,14.2,14.44,3224.0,46284.0,1000.0
2014-06-20,14.44,0.02,0.138,14.44,14.5,21.68,14.5,14.4,14.46,3040.0,43994.0,1000.0
2014-06-19,14.46,0.1,0.687,14.46,14.48,21.71,14.64,14.34,14.56,2459.0,35527.0,1000.0
2014-06-18,14.56,0.08,0.552,14.56,14.6,21.86,14.6,14.46,14.48,4005.0,58195.0,1000.0
2014-06-17,14.48,0.0,0.0,14.46,14.48,21.74,14.54,14.38,14.48,2239.0,32429.0,1000.0
2014-06-16,14.48,0.04,0.275,14.46,14.48,21.74,14.52,14.42,14.52,1911.0,27675.0,1000.0
2014-06-13,14.52,0.08,0.554,14.48,14.54,21.8,14.56,14.36,14.44,3653.0,52856.0,1000.0
2014-06-12,14.44,0.08,0.551,14.44,14.48,21.68,14.5,14.34,14.52,1873.0,27047.0,1000.0
2014-06-11,14.52,0.02,0.138,14.48,14.54,21.8,14.56,14.4,14.54,2748.0,39829.0,1000.0
2014-06-10,14.54,0.04,0.276,14.52,14.54,21.83,14.62,14.36,14.5,1809.0,26292.0,1000.0
2014-06-09,14.5,0.16,1.116,14.48,14.5,21.77,14.56,14.34,14.34,1766.0,25572.0,1000.0
2014-06-06,14.34,0.04,0.278,14.32,14.38,21.53,14.46,14.26,14.38,2683.0,38592.0,1000.0
2014-06-05,14.38,0.04,0.277,14.38,14.4,21.59,14.46,14.32,14.42,1910.0,27490.0,1000.0
2014-06-04,14.42,0.18,1.264,14.4,14.44,21.65,14.5,14.24,14.24,3922.0,56391.0,1000.0
2014-06-03,14.24,0.12,0.85,14.22,14.28,21.38,14.42,14.14,14.12,6918.0,98322.0,1000.0
2014-05-30,14.12,0.24,1.671,14.12,14.18,21.2,14.54,14.1,14.36,11595.0,164960.0,1000.0
2014-05-29,14.36,0.36,2.446,14.36,14.38,21.56,14.7,14.36,14.72,4807.0,69718.0,1000.0
2014-05-28,14.72,0.04,0.271,14.7,14.72,22.1,14.84,14.6,14.76,2983.0,43921.0,1000.0
2014-05-27,14.76,0.08,0.545,14.74,14.78,22.16,14.78,14.6,14.68,1252.0,18426.0,1000.0
2014-05-26,14.68,0.06,0.407,14.68,14.72,22.04,14.78,14.62,14.74,1261.0,18545.0,1000.0
2014-05-23,14.74,0.06,0.409,14.74,14.78,22.13,14.78,14.58,14.68,1223.0,17932.0,1000.0
2014-05-21,14.6,0.08,0.551,14.6,14.66,21.92,14.66,14.4,14.52,5572.0,80760.0,1000.0
2014-05-20,14.52,0.28,1.892,14.5,14.52,21.8,14.8,14.5,14.8,7938.0,116150.0,1000.0
2014-05-19,14.8,0.14,0.937,14.78,14.8,22.22,14.98,14.7,14.94,3242.0,48005.0,1000.0
2014-05-16,14.94,0.32,2.097,14.94,14.96,22.43,15.1,14.92,15.26,4089.0,61494.0,1000.0
2014-05-15,15.26,0.08,0.527,15.22,15.28,22.91,15.42,15.0,15.18,3579.0,54676.0,1000.0
2014-05-14,15.18,0.2,1.335,15.18,15.2,22.79,15.28,14.94,14.98,2746.0,41622.0,1000.0
2014-05-13,14.98,0.32,2.183,14.92,14.96,22.49,15.04,14.7,14.66,3808.0,56548.0,1000.0
2014-05-12,14.66,0.32,2.232,14.62,14.68,22.01,14.76,14.3,14.34,4779.0,69813.0,1000.0
2014-05-09,14.34,0.26,1.781,14.32,14.34,21.53,14.56,14.08,14.6,7638.0,109358.0,1000.0
2014-05-08,14.6,0.14,0.968,14.56,14.6,21.92,14.64,14.4,14.46,7607.0,110703.0,1000.0
2014-05-07,14.46,0.1,0.687,14.42,14.46,21.71,14.56,14.32,14.56,4457.0,64137.0,1000.0
2014-05-05,14.56,0.38,2.544,14.54,14.56,21.86,14.94,14.52,14.94,4413.0,64827.0,1000.0
2014-05-02,14.94,0.3,2.049,14.92,14.98,22.43,14.98,14.6,14.64,2610.0,38883.0,1000.0
2014-04-30,14.64,0.18,1.215,14.6,14.64,21.98,14.72,14.52,14.82,3018.0,44166.0,1000.0
2014-04-29,14.82,0.06,0.407,14.8,14.82,22.25,14.86,14.52,14.76,1779.0,26079.0,1000.0
2014-04-28,14.76,0.08,0.539,14.74,14.76,22.16,14.9,14.72,14.84,1191.0,17627.0,1000.0
2014-04-25,14.84,0.3,1.982,14.82,14.88,22.28,15.26,14.78,15.14,2575.0,38349.0,1000.0
2014-04-24,15.14,0.28,1.884,15.1,15.14,22.73,15.18,14.86,14.86,2924.0,44104.0,1000.0
2014-04-23,14.86,0.04,0.268,14.82,14.9,22.31,15.34,14.8,14.9,3147.0,46850.0,1000.0
2014-04-22,14.9,0.14,0.931,14.9,14.94,22.37,15.26,14.9,15.04,1145.0,17139.0,1000.0
2014-04-17,15.04,0.12,0.792,15.02,15.04,22.58,15.18,14.98,15.16,3166.0,47559.0,1000.0
2014-04-16,15.16,0.04,0.263,15.14,15.16,22.76,15.26,15.08,15.2,2419.0,36640.0,1000.0
2014-04-15,15.2,0.2,1.299,15.2,15.24,22.82,15.4,15.14,15.4,2122.0,32359.0,1000.0
2014-04-14,15.4,0.14,0.917,15.38,15.42,23.12,15.56,15.24,15.26,2530.0,38864.0,1000.0
2014-04-11,15.26,0.24,1.548,15.26,15.3,22.91,15.58,15.24,15.5,3080.0,47199.0,1000.0
2014-04-10,15.5,0.56,3.748,15.48,15.5,23.27,15.54,15.18,14.94,8704.0,133927.0,1000.0
2014-04-09,14.94,0.22,1.495,14.9,14.94,22.43,14.98,14.72,14.72,6366.0,95001.0,1000.0
2014-04-07,14.1,0.02,0.142,14.08,14.14,21.17,14.18,13.98,14.12,7384.0,103971.0,1000.0
2014-04-04,14.12,0.14,1.001,14.1,14.12,21.2,14.36,13.92,13.98,8899.0,125941.0,1000.0
2014-04-03,13.98,0.5,3.453,14.0,14.02,20.99,14.6,13.98,14.48,11161.0,157863.0,1000.0
2014-04-02,14.48,0.04,0.275,14.46,14.48,21.74,14.68,14.4,14.52,3736.0,54109.0,1000.0
2014-04-01,14.68,0.22,1.521,14.68,14.7,22.04,14.76,14.5,14.46,4674.0,68506.0,1000.0
2014-03-31,14.46,0.06,0.413,14.44,14.48,21.71,14.66,14.44,14.52,4251.0,61615.0,1000.0
2014-03-28,14.52,0.22,1.493,14.5,14.52,21.8,14.74,14.46,14.74,3787.0,55077.0,1000.0
2014-03-27,14.74,0.34,2.255,14.72,14.74,22.13,15.18,14.72,15.08,6035.0,89303.0,1000.0
2014-03-26,15.08,0.18,1.18,15.08,15.12,22.64,15.38,15.02,15.26,2588.0,39303.0,1000.0
2014-03-25,15.26,0.1,0.651,15.22,15.28,22.91,15.36,15.1,15.36,1409.0,21392.0,1000.0
2014-03-24,15.36,0.26,1.722,15.32,15.38,23.06,15.38,15.0,15.1,2469.0,37607.0,1000.0
2014-03-21,15.1,0.04,0.266,15.08,15.22,22.67,15.26,15.0,15.06,2366.0,35830.0,1000.0
2014-03-20,15.06,0.24,1.569,15.04,15.06,22.61,15.3,15.02,15.3,2017.0,30443.0,1000.0
2014-03-19,15.3,0.36,2.41,15.26,15.32,22.97,15.46,14.94,14.94,5126.0,78323.0,1000.0
2014-03-18,14.94,0.02,0.134,14.92,14.96,22.43,15.28,14.84,14.92,3297.0,49240.0,1000.0
2014-03-17,14.92,0.26,1.713,14.92,14.94,22.4,15.32,14.8,15.18,3962.0,59465.0,1000.0
2014-03-14,15.18,0.32,2.065,15.2,15.22,22.79,15.6,15.12,15.5,4953.0,75484.0,1000.0
2014-03-13,15.5,0.1,0.649,15.5,15.52,23.27,15.88,15.4,15.4,3747.0,58411.0,1000.0
2014-03-12,15.4,0.38,2.408,15.36,15.4,66.15,15.78,15.36,15.78,4154.0,64507.0,1000.0
2014-03-11,15.78,0.04,0.253,15.74,15.8,67.78,15.88,15.56,15.82,1921.0,30284.0,1000.0
2014-03-10,15.82,0.06,0.378,15.82,15.9,67.96,15.9,15.4,15.88,3424.0,54002.0,1000.0
2014-03-07,15.88,0.06,0.379,15.86,15.92,68.21,16.02,15.74,15.82,3662.0,58421.0,1000.0
2014-03-06,15.82,0.14,0.893,15.78,15.86,67.96,15.86,15.56,15.68,3288.0,51808.0,1000.0
2014-03-05,15.68,0.28,1.818,15.62,15.7,67.35,15.74,15.4,15.4,5016.0,77827.0,1000.0
2014-02-28,15.8,0.22,1.412,15.76,15.84,67.87,15.96,15.32,15.58,4387.0,69171.0,1000.0
2014-02-27,15.58,0.44,2.906,15.52,15.6,66.92,15.6,15.0,15.14,5172.0,79806.0,1000.0
2014-02-26,15.14,0.06,0.395,15.12,15.2,65.03,15.4,14.98,15.2,3656.0,55342.0,1000.0
2014-02-25,15.2,0.06,0.393,15.16,15.2,65.29,15.3,15.12,15.26,2335.0,35542.0,1000.0
2014-02-24,15.26,0.4,2.554,15.26,15.3,65.55,15.4,15.12,15.66,2413.0,36714.0,1000.0
2014-02-21,15.66,0.6,3.984,15.66,15.7,67.27,15.7,15.1,15.06,3848.0,59514.0,1000.0
